DATAFLOW,LAST UPDATE,freq,size_emp,nace_r2,indic_is,unit,geo,TIME_PERIOD,OBS_VALUE,OBS_FLAG,CONF_STATUS
ESTAT:ISOC_E_DII(1.0),27/02/26 11:00:00,Annual,10 persons employed or more,"All activities (except agriculture, forestry and fishing, and mining and quarrying), without financial sector",Enterprises with at least basic level of digital intensity (DII Version 3),Percentage of enterprises,Austria,2021,65.36,,
ESTAT:ISOC_E_DII(1.0),27/02/26 11:00:00,Annual,10 persons employed or more,"All activities (except agriculture, forestry and fishing, and mining and quarrying), without financial sector",Enterprises with at least basic level of digital intensity (DII Version 3),Percentage of enterprises,Austria,2023,59.01,,
ESTAT:ISOC_E_DII(1.0),27/02/26 11:00:00,Annual,10 persons employed or more,"All activities (except agriculture, forestry and fishing, and mining and quarrying), without financial sector",Enterprises with at least basic level of digital intensity (DII Version 3),Percentage of enterprises,Austria,2025,73.76,,
ESTAT:ISOC_E_DII(1.0),27/02/26 11:00:00,Annual,10 persons employed or more,"All activities (except agriculture, forestry and fishing, and mining and quarrying), without financial sector",Enterprises with at least basic level of digital intensity (DII Version 3),Percentage of enterprises,Bosnia and Herzegovina,2021,33.72,,
ESTAT:ISOC_E_DII(1.0),27/02/26 11:00:00,Annual,10 persons employed or more,"All activities (except agriculture, forestry and fishing, and mining and quarrying), without financial sector",Enterprises with at least basic level of digital intensity (DII Version 3),Percentage of enterprises,Bosnia and Herzegovina,2023,44.47,,
ESTAT:ISOC_E_DII(1.0),27/02/26 11:00:00,Annual,10 persons employed or more,"All activities (except agriculture, forestry and fishing, and mining and quarrying), without financial sector",Enterprises with at least basic level of digital intensity (DII Version 3),Percentage of enterprises,Bosnia and Herzegovina,2025,64.08,,
ESTAT:ISOC_E_DII(1.0),27/02/26 11:00:00,Annual,10 persons employed or more,"All activities (except agriculture, forestry and fishing, and mining and quarrying), without financial sector",Enterprises with at least basic level of digital intensity (DII Version 3),Percentage of enterprises,Belgium,2021,66.31,,
ESTAT:ISOC_E_DII(1.0),27/02/26 11:00:00,Annual,10 persons employed or more,"All activities (except agriculture, forestry and fishing, and mining and quarrying), without financial sector",Enterprises with at least basic level of digital intensity (DII Version 3),Percentage of enterprises,Belgium,2023,75.28,,
ESTAT:ISOC_E_DII(1.0),27/02/26 11:00:00,Annual,10 persons employed or more,"All activities (except agriculture, forestry and fishing, and mining and quarrying), without financial sector",Enterprises with at least basic level of digital intensity (DII Version 3),Percentage of enterprises,Belgium,2025,84.90,,
ESTAT:ISOC_E_DII(1.0),27/02/26 11:00:00,Annual,10 persons employed or more,"All activities (except agriculture, forestry and fishing, and mining and quarrying), without financial sector",Enterprises with at least basic level of digital intensity (DII Version 3),Percentage of enterprises,Bulgaria,2021,26.09,,
ESTAT:ISOC_E_DII(1.0),27/02/26 11:00:00,Annual,10 persons employed or more,"All activities (except agriculture, forestry and fishing, and mining and quarrying), without financial sector",Enterprises with at least basic level of digital intensity (DII Version 3),Percentage of enterprises,Bulgaria,2023,29.36,,
ESTAT:ISOC_E_DII(1.0),27/02/26 11:00:00,Annual,10 persons employed or more,"All activities (except agriculture, forestry and fishing, and mining and quarrying), without financial sector",Enterprises with at least basic level of digital intensity (DII Version 3),Percentage of enterprises,Bulgaria,2025,39.35,,
ESTAT:ISOC_E_DII(1.0),27/02/26 11:00:00,Annual,10 persons employed or more,"All activities (except agriculture, forestry and fishing, and mining and quarrying), without financial sector",Enterprises with at least basic level of digital intensity (DII Version 3),Percentage of enterprises,Cyprus,2021,66.85,,
ESTAT:ISOC_E_DII(1.0),27/02/26 11:00:00,Annual,10 persons employed or more,"All activities (except agriculture, forestry and fishing, and mining and quarrying), without financial sector",Enterprises with at least basic level of digital intensity (DII Version 3),Percentage of enterprises,Cyprus,2023,67.87,,
ESTAT:ISOC_E_DII(1.0),27/02/26 11:00:00,Annual,10 persons employed or more,"All activities (except agriculture, forestry and fishing, and mining and quarrying), without financial sector",Enterprises with at least basic level of digital intensity (DII Version 3),Percentage of enterprises,Cyprus,2025,74.85,,
ESTAT:ISOC_E_DII(1.0),27/02/26 11:00:00,Annual,10 persons employed or more,"All activities (except agriculture, forestry and fishing, and mining and quarrying), without financial sector",Enterprises with at least basic level of digital intensity (DII Version 3),Percentage of enterprises,Czechia,2021,54.03,,
ESTAT:ISOC_E_DII(1.0),27/02/26 11:00:00,Annual,10 persons employed or more,"All activities (except agriculture, forestry and fishing, and mining and quarrying), without financial sector",Enterprises with at least basic level of digital intensity (DII Version 3),Percentage of enterprises,Czechia,2023,50.92,,
ESTAT:ISOC_E_DII(1.0),27/02/26 11:00:00,Annual,10 persons employed or more,"All activities (except agriculture, forestry and fishing, and mining and quarrying), without financial sector",Enterprises with at least basic level of digital intensity (DII Version 3),Percentage of enterprises,Czechia,2025,71.51,,
ESTAT:ISOC_E_DII(1.0),27/02/26 11:00:00,Annual,10 persons employed or more,"All activities (except agriculture, forestry and fishing, and mining and quarrying), without financial sector",Enterprises with at least basic level of digital intensity (DII Version 3),Percentage of enterprises,Germany,2021,59.86,,
ESTAT:ISOC_E_DII(1.0),27/02/26 11:00:00,Annual,10 persons employed or more,"All activities (except agriculture, forestry and fishing, and mining and quarrying), without financial sector",Enterprises with at least basic level of digital intensity (DII Version 3),Percentage of enterprises,Germany,2023,62.40,,
ESTAT:ISOC_E_DII(1.0),27/02/26 11:00:00,Annual,10 persons employed or more,"All activities (except agriculture, forestry and fishing, and mining and quarrying), without financial sector",Enterprises with at least basic level of digital intensity (DII Version 3),Percentage of enterprises,Germany,2025,74.35,,
ESTAT:ISOC_E_DII(1.0),27/02/26 11:00:00,Annual,10 persons employed or more,"All activities (except agriculture, forestry and fishing, and mining and quarrying), without financial sector",Enterprises with at least basic level of digital intensity (DII Version 3),Percentage of enterprises,Denmark,2021,79.92,,
ESTAT:ISOC_E_DII(1.0),27/02/26 11:00:00,Annual,10 persons employed or more,"All activities (except agriculture, forestry and fishing, and mining and quarrying), without financial sector",Enterprises with at least basic level of digital intensity (DII Version 3),Percentage of enterprises,Denmark,2023,75.95,,
ESTAT:ISOC_E_DII(1.0),27/02/26 11:00:00,Annual,10 persons employed or more,"All activities (except agriculture, forestry and fishing, and mining and quarrying), without financial sector",Enterprises with at least basic level of digital intensity (DII Version 3),Percentage of enterprises,Denmark,2025,92.68,,
ESTAT:ISOC_E_DII(1.0),27/02/26 11:00:00,Annual,10 persons employed or more,"All activities (except agriculture, forestry and fishing, and mining and quarrying), without financial sector",Enterprises with at least basic level of digital intensity (DII Version 3),Percentage of enterprises,"Euro area (EA11-1999, EA12-2001, EA13-2007, EA15-2008, EA16-2009, EA17-2011, EA18-2014, EA19-2015, EA20-2023, EA21-2026)",2021,58.39,,
ESTAT:ISOC_E_DII(1.0),27/02/26 11:00:00,Annual,10 persons employed or more,"All activities (except agriculture, forestry and fishing, and mining and quarrying), without financial sector",Enterprises with at least basic level of digital intensity (DII Version 3),Percentage of enterprises,"Euro area (EA11-1999, EA12-2001, EA13-2007, EA15-2008, EA16-2009, EA17-2011, EA18-2014, EA19-2015, EA20-2023, EA21-2026)",2023,60.93,,
ESTAT:ISOC_E_DII(1.0),27/02/26 11:00:00,Annual,10 persons employed or more,"All activities (except agriculture, forestry and fishing, and mining and quarrying), without financial sector",Enterprises with at least basic level of digital intensity (DII Version 3),Percentage of enterprises,"Euro area (EA11-1999, EA12-2001, EA13-2007, EA15-2008, EA16-2009, EA17-2011, EA18-2014, EA19-2015, EA20-2023, EA21-2026)",2025,74.55,,
ESTAT:ISOC_E_DII(1.0),27/02/26 11:00:00,Annual,10 persons employed or more,"All activities (except agriculture, forestry and fishing, and mining and quarrying), without financial sector",Enterprises with at least basic level of digital intensity (DII Version 3),Percentage of enterprises,Estonia,2021,54.79,,
ESTAT:ISOC_E_DII(1.0),27/02/26 11:00:00,Annual,10 persons employed or more,"All activities (except agriculture, forestry and fishing, and mining and quarrying), without financial sector",Enterprises with at least basic level of digital intensity (DII Version 3),Percentage of enterprises,Estonia,2023,56.88,,
ESTAT:ISOC_E_DII(1.0),27/02/26 11:00:00,Annual,10 persons employed or more,"All activities (except agriculture, forestry and fishing, and mining and quarrying), without financial sector",Enterprises with at least basic level of digital intensity (DII Version 3),Percentage of enterprises,Estonia,2025,72.77,d,
ESTAT:ISOC_E_DII(1.0),27/02/26 11:00:00,Annual,10 persons employed or more,"All activities (except agriculture, forestry and fishing, and mining and quarrying), without financial sector",Enterprises with at least basic level of digital intensity (DII Version 3),Percentage of enterprises,Greece,2021,38.21,,
ESTAT:ISOC_E_DII(1.0),27/02/26 11:00:00,Annual,10 persons employed or more,"All activities (except agriculture, forestry and fishing, and mining and quarrying), without financial sector",Enterprises with at least basic level of digital intensity (DII Version 3),Percentage of enterprises,Greece,2023,43.82,,
ESTAT:ISOC_E_DII(1.0),27/02/26 11:00:00,Annual,10 persons employed or more,"All activities (except agriculture, forestry and fishing, and mining and quarrying), without financial sector",Enterprises with at least basic level of digital intensity (DII Version 3),Percentage of enterprises,Greece,2025,56.48,,
ESTAT:ISOC_E_DII(1.0),27/02/26 11:00:00,Annual,10 persons employed or more,"All activities (except agriculture, forestry and fishing, and mining and quarrying), without financial sector",Enterprises with at least basic level of digital intensity (DII Version 3),Percentage of enterprises,Spain,2021,60.44,,
ESTAT:ISOC_E_DII(1.0),27/02/26 11:00:00,Annual,10 persons employed or more,"All activities (except agriculture, forestry and fishing, and mining and quarrying), without financial sector",Enterprises with at least basic level of digital intensity (DII Version 3),Percentage of enterprises,Spain,2023,61.47,,
ESTAT:ISOC_E_DII(1.0),27/02/26 11:00:00,Annual,10 persons employed or more,"All activities (except agriculture, forestry and fishing, and mining and quarrying), without financial sector",Enterprises with at least basic level of digital intensity (DII Version 3),Percentage of enterprises,Spain,2025,75.96,,
ESTAT:ISOC_E_DII(1.0),27/02/26 11:00:00,Annual,10 persons employed or more,"All activities (except agriculture, forestry and fishing, and mining and quarrying), without financial sector",Enterprises with at least basic level of digital intensity (DII Version 3),Percentage of enterprises,European Union - 27 countries (from 2020),2021,55.75,,
ESTAT:ISOC_E_DII(1.0),27/02/26 11:00:00,Annual,10 persons employed or more,"All activities (except agriculture, forestry and fishing, and mining and quarrying), without financial sector",Enterprises with at least basic level of digital intensity (DII Version 3),Percentage of enterprises,European Union - 27 countries (from 2020),2023,58.87,,
ESTAT:ISOC_E_DII(1.0),27/02/26 11:00:00,Annual,10 persons employed or more,"All activities (except agriculture, forestry and fishing, and mining and quarrying), without financial sector",Enterprises with at least basic level of digital intensity (DII Version 3),Percentage of enterprises,European Union - 27 countries (from 2020),2025,72.11,,
ESTAT:ISOC_E_DII(1.0),27/02/26 11:00:00,Annual,10 persons employed or more,"All activities (except agriculture, forestry and fishing, and mining and quarrying), without financial sector",Enterprises with at least basic level of digital intensity (DII Version 3),Percentage of enterprises,Finland,2021,82.21,,
ESTAT:ISOC_E_DII(1.0),27/02/26 11:00:00,Annual,10 persons employed or more,"All activities (except agriculture, forestry and fishing, and mining and quarrying), without financial sector",Enterprises with at least basic level of digital intensity (DII Version 3),Percentage of enterprises,Finland,2023,86.04,,
ESTAT:ISOC_E_DII(1.0),27/02/26 11:00:00,Annual,10 persons employed or more,"All activities (except agriculture, forestry and fishing, and mining and quarrying), without financial sector",Enterprises with at least basic level of digital intensity (DII Version 3),Percentage of enterprises,Finland,2025,94.24,,
ESTAT:ISOC_E_DII(1.0),27/02/26 11:00:00,Annual,10 persons employed or more,"All activities (except agriculture, forestry and fishing, and mining and quarrying), without financial sector",Enterprises with at least basic level of digital intensity (DII Version 3),Percentage of enterprises,France,2021,48.08,,
ESTAT:ISOC_E_DII(1.0),27/02/26 11:00:00,Annual,10 persons employed or more,"All activities (except agriculture, forestry and fishing, and mining and quarrying), without financial sector",Enterprises with at least basic level of digital intensity (DII Version 3),Percentage of enterprises,France,2023,53.06,b,
ESTAT:ISOC_E_DII(1.0),27/02/26 11:00:00,Annual,10 persons employed or more,"All activities (except agriculture, forestry and fishing, and mining and quarrying), without financial sector",Enterprises with at least basic level of digital intensity (DII Version 3),Percentage of enterprises,France,2025,70.23,,
ESTAT:ISOC_E_DII(1.0),27/02/26 11:00:00,Annual,10 persons employed or more,"All activities (except agriculture, forestry and fishing, and mining and quarrying), without financial sector",Enterprises with at least basic level of digital intensity (DII Version 3),Percentage of enterprises,Croatia,2021,50.65,,
ESTAT:ISOC_E_DII(1.0),27/02/26 11:00:00,Annual,10 persons employed or more,"All activities (except agriculture, forestry and fishing, and mining and quarrying), without financial sector",Enterprises with at least basic level of digital intensity (DII Version 3),Percentage of enterprises,Croatia,2023,56.96,,
ESTAT:ISOC_E_DII(1.0),27/02/26 11:00:00,Annual,10 persons employed or more,"All activities (except agriculture, forestry and fishing, and mining and quarrying), without financial sector",Enterprises with at least basic level of digital intensity (DII Version 3),Percentage of enterprises,Croatia,2025,58.13,,
ESTAT:ISOC_E_DII(1.0),27/02/26 11:00:00,Annual,10 persons employed or more,"All activities (except agriculture, forestry and fishing, and mining and quarrying), without financial sector",Enterprises with at least basic level of digital intensity (DII Version 3),Percentage of enterprises,Hungary,2021,35.77,,
ESTAT:ISOC_E_DII(1.0),27/02/26 11:00:00,Annual,10 persons employed or more,"All activities (except agriculture, forestry and fishing, and mining and quarrying), without financial sector",Enterprises with at least basic level of digital intensity (DII Version 3),Percentage of enterprises,Hungary,2023,54.21,,
ESTAT:ISOC_E_DII(1.0),27/02/26 11:00:00,Annual,10 persons employed or more,"All activities (except agriculture, forestry and fishing, and mining and quarrying), without financial sector",Enterprises with at least basic level of digital intensity (DII Version 3),Percentage of enterprises,Hungary,2025,60.80,,
ESTAT:ISOC_E_DII(1.0),27/02/26 11:00:00,Annual,10 persons employed or more,"All activities (except agriculture, forestry and fishing, and mining and quarrying), without financial sector",Enterprises with at least basic level of digital intensity (DII Version 3),Percentage of enterprises,Ireland,2021,65.08,,
ESTAT:ISOC_E_DII(1.0),27/02/26 11:00:00,Annual,10 persons employed or more,"All activities (except agriculture, forestry and fishing, and mining and quarrying), without financial sector",Enterprises with at least basic level of digital intensity (DII Version 3),Percentage of enterprises,Ireland,2023,66.92,,
ESTAT:ISOC_E_DII(1.0),27/02/26 11:00:00,Annual,10 persons employed or more,"All activities (except agriculture, forestry and fishing, and mining and quarrying), without financial sector",Enterprises with at least basic level of digital intensity (DII Version 3),Percentage of enterprises,Ireland,2025,79.92,,
ESTAT:ISOC_E_DII(1.0),27/02/26 11:00:00,Annual,10 persons employed or more,"All activities (except agriculture, forestry and fishing, and mining and quarrying), without financial sector",Enterprises with at least basic level of digital intensity (DII Version 3),Percentage of enterprises,Italy,2021,60.81,,
ESTAT:ISOC_E_DII(1.0),27/02/26 11:00:00,Annual,10 persons employed or more,"All activities (except agriculture, forestry and fishing, and mining and quarrying), without financial sector",Enterprises with at least basic level of digital intensity (DII Version 3),Percentage of enterprises,Italy,2023,61.27,,
ESTAT:ISOC_E_DII(1.0),27/02/26 11:00:00,Annual,10 persons employed or more,"All activities (except agriculture, forestry and fishing, and mining and quarrying), without financial sector",Enterprises with at least basic level of digital intensity (DII Version 3),Percentage of enterprises,Italy,2025,79.81,,
ESTAT:ISOC_E_DII(1.0),27/02/26 11:00:00,Annual,10 persons employed or more,"All activities (except agriculture, forestry and fishing, and mining and quarrying), without financial sector",Enterprises with at least basic level of digital intensity (DII Version 3),Percentage of enterprises,Lithuania,2021,57.79,,
ESTAT:ISOC_E_DII(1.0),27/02/26 11:00:00,Annual,10 persons employed or more,"All activities (except agriculture, forestry and fishing, and mining and quarrying), without financial sector",Enterprises with at least basic level of digital intensity (DII Version 3),Percentage of enterprises,Lithuania,2023,60.92,,
ESTAT:ISOC_E_DII(1.0),27/02/26 11:00:00,Annual,10 persons employed or more,"All activities (except agriculture, forestry and fishing, and mining and quarrying), without financial sector",Enterprises with at least basic level of digital intensity (DII Version 3),Percentage of enterprises,Lithuania,2025,74.34,,
ESTAT:ISOC_E_DII(1.0),27/02/26 11:00:00,Annual,10 persons employed or more,"All activities (except agriculture, forestry and fishing, and mining and quarrying), without financial sector",Enterprises with at least basic level of digital intensity (DII Version 3),Percentage of enterprises,Luxembourg,2021,55.06,,
ESTAT:ISOC_E_DII(1.0),27/02/26 11:00:00,Annual,10 persons employed or more,"All activities (except agriculture, forestry and fishing, and mining and quarrying), without financial sector",Enterprises with at least basic level of digital intensity (DII Version 3),Percentage of enterprises,Luxembourg,2023,59.04,,
ESTAT:ISOC_E_DII(1.0),27/02/26 11:00:00,Annual,10 persons employed or more,"All activities (except agriculture, forestry and fishing, and mining and quarrying), without financial sector",Enterprises with at least basic level of digital intensity (DII Version 3),Percentage of enterprises,Luxembourg,2025,77.32,,
ESTAT:ISOC_E_DII(1.0),27/02/26 11:00:00,Annual,10 persons employed or more,"All activities (except agriculture, forestry and fishing, and mining and quarrying), without financial sector",Enterprises with at least basic level of digital intensity (DII Version 3),Percentage of enterprises,Latvia,2021,39.26,,
ESTAT:ISOC_E_DII(1.0),27/02/26 11:00:00,Annual,10 persons employed or more,"All activities (except agriculture, forestry and fishing, and mining and quarrying), without financial sector",Enterprises with at least basic level of digital intensity (DII Version 3),Percentage of enterprises,Latvia,2023,49.21,,
ESTAT:ISOC_E_DII(1.0),27/02/26 11:00:00,Annual,10 persons employed or more,"All activities (except agriculture, forestry and fishing, and mining and quarrying), without financial sector",Enterprises with at least basic level of digital intensity (DII Version 3),Percentage of enterprises,Latvia,2025,59.52,,
ESTAT:ISOC_E_DII(1.0),27/02/26 11:00:00,Annual,10 persons employed or more,"All activities (except agriculture, forestry and fishing, and mining and quarrying), without financial sector",Enterprises with at least basic level of digital intensity (DII Version 3),Percentage of enterprises,Montenegro,2021,48.70,,
ESTAT:ISOC_E_DII(1.0),27/02/26 11:00:00,Annual,10 persons employed or more,"All activities (except agriculture, forestry and fishing, and mining and quarrying), without financial sector",Enterprises with at least basic level of digital intensity (DII Version 3),Percentage of enterprises,Montenegro,2023,64.52,,
ESTAT:ISOC_E_DII(1.0),27/02/26 11:00:00,Annual,10 persons employed or more,"All activities (except agriculture, forestry and fishing, and mining and quarrying), without financial sector",Enterprises with at least basic level of digital intensity (DII Version 3),Percentage of enterprises,Montenegro,2025,81.84,,
ESTAT:ISOC_E_DII(1.0),27/02/26 11:00:00,Annual,10 persons employed or more,"All activities (except agriculture, forestry and fishing, and mining and quarrying), without financial sector",Enterprises with at least basic level of digital intensity (DII Version 3),Percentage of enterprises,North Macedonia,2021,27.81,,
ESTAT:ISOC_E_DII(1.0),27/02/26 11:00:00,Annual,10 persons employed or more,"All activities (except agriculture, forestry and fishing, and mining and quarrying), without financial sector",Enterprises with at least basic level of digital intensity (DII Version 3),Percentage of enterprises,Malta,2021,73.13,,
ESTAT:ISOC_E_DII(1.0),27/02/26 11:00:00,Annual,10 persons employed or more,"All activities (except agriculture, forestry and fishing, and mining and quarrying), without financial sector",Enterprises with at least basic level of digital intensity (DII Version 3),Percentage of enterprises,Malta,2023,76.91,,
ESTAT:ISOC_E_DII(1.0),27/02/26 11:00:00,Annual,10 persons employed or more,"All activities (except agriculture, forestry and fishing, and mining and quarrying), without financial sector",Enterprises with at least basic level of digital intensity (DII Version 3),Percentage of enterprises,Malta,2025,83.93,,
ESTAT:ISOC_E_DII(1.0),27/02/26 11:00:00,Annual,10 persons employed or more,"All activities (except agriculture, forestry and fishing, and mining and quarrying), without financial sector",Enterprises with at least basic level of digital intensity (DII Version 3),Percentage of enterprises,Netherlands,2021,76.03,,
ESTAT:ISOC_E_DII(1.0),27/02/26 11:00:00,Annual,10 persons employed or more,"All activities (except agriculture, forestry and fishing, and mining and quarrying), without financial sector",Enterprises with at least basic level of digital intensity (DII Version 3),Percentage of enterprises,Netherlands,2023,83.24,,
ESTAT:ISOC_E_DII(1.0),27/02/26 11:00:00,Annual,10 persons employed or more,"All activities (except agriculture, forestry and fishing, and mining and quarrying), without financial sector",Enterprises with at least basic level of digital intensity (DII Version 3),Percentage of enterprises,Netherlands,2025,89.10,,
ESTAT:ISOC_E_DII(1.0),27/02/26 11:00:00,Annual,10 persons employed or more,"All activities (except agriculture, forestry and fishing, and mining and quarrying), without financial sector",Enterprises with at least basic level of digital intensity (DII Version 3),Percentage of enterprises,Norway,2021,77.61,,
ESTAT:ISOC_E_DII(1.0),27/02/26 11:00:00,Annual,10 persons employed or more,"All activities (except agriculture, forestry and fishing, and mining and quarrying), without financial sector",Enterprises with at least basic level of digital intensity (DII Version 3),Percentage of enterprises,Norway,2023,80.79,,
ESTAT:ISOC_E_DII(1.0),27/02/26 11:00:00,Annual,10 persons employed or more,"All activities (except agriculture, forestry and fishing, and mining and quarrying), without financial sector",Enterprises with at least basic level of digital intensity (DII Version 3),Percentage of enterprises,Norway,2025,83.65,,
ESTAT:ISOC_E_DII(1.0),27/02/26 11:00:00,Annual,10 persons employed or more,"All activities (except agriculture, forestry and fishing, and mining and quarrying), without financial sector",Enterprises with at least basic level of digital intensity (DII Version 3),Percentage of enterprises,Poland,2021,41.53,,
ESTAT:ISOC_E_DII(1.0),27/02/26 11:00:00,Annual,10 persons employed or more,"All activities (except agriculture, forestry and fishing, and mining and quarrying), without financial sector",Enterprises with at least basic level of digital intensity (DII Version 3),Percentage of enterprises,Poland,2023,51.60,,
ESTAT:ISOC_E_DII(1.0),27/02/26 11:00:00,Annual,10 persons employed or more,"All activities (except agriculture, forestry and fishing, and mining and quarrying), without financial sector",Enterprises with at least basic level of digital intensity (DII Version 3),Percentage of enterprises,Poland,2025,60.23,,
ESTAT:ISOC_E_DII(1.0),27/02/26 11:00:00,Annual,10 persons employed or more,"All activities (except agriculture, forestry and fishing, and mining and quarrying), without financial sector",Enterprises with at least basic level of digital intensity (DII Version 3),Percentage of enterprises,Portugal,2021,49.65,,
ESTAT:ISOC_E_DII(1.0),27/02/26 11:00:00,Annual,10 persons employed or more,"All activities (except agriculture, forestry and fishing, and mining and quarrying), without financial sector",Enterprises with at least basic level of digital intensity (DII Version 3),Percentage of enterprises,Portugal,2023,54.45,,
ESTAT:ISOC_E_DII(1.0),27/02/26 11:00:00,Annual,10 persons employed or more,"All activities (except agriculture, forestry and fishing, and mining and quarrying), without financial sector",Enterprises with at least basic level of digital intensity (DII Version 3),Percentage of enterprises,Portugal,2025,64.67,,
ESTAT:ISOC_E_DII(1.0),27/02/26 11:00:00,Annual,10 persons employed or more,"All activities (except agriculture, forestry and fishing, and mining and quarrying), without financial sector",Enterprises with at least basic level of digital intensity (DII Version 3),Percentage of enterprises,Romania,2021,23.47,,
ESTAT:ISOC_E_DII(1.0),27/02/26 11:00:00,Annual,10 persons employed or more,"All activities (except agriculture, forestry and fishing, and mining and quarrying), without financial sector",Enterprises with at least basic level of digital intensity (DII Version 3),Percentage of enterprises,Romania,2023,27.93,,
ESTAT:ISOC_E_DII(1.0),27/02/26 11:00:00,Annual,10 persons employed or more,"All activities (except agriculture, forestry and fishing, and mining and quarrying), without financial sector",Enterprises with at least basic level of digital intensity (DII Version 3),Percentage of enterprises,Romania,2025,45.53,,
ESTAT:ISOC_E_DII(1.0),27/02/26 11:00:00,Annual,10 persons employed or more,"All activities (except agriculture, forestry and fishing, and mining and quarrying), without financial sector",Enterprises with at least basic level of digital intensity (DII Version 3),Percentage of enterprises,Serbia,2021,42.78,,
ESTAT:ISOC_E_DII(1.0),27/02/26 11:00:00,Annual,10 persons employed or more,"All activities (except agriculture, forestry and fishing, and mining and quarrying), without financial sector",Enterprises with at least basic level of digital intensity (DII Version 3),Percentage of enterprises,Serbia,2023,50.30,,
ESTAT:ISOC_E_DII(1.0),27/02/26 11:00:00,Annual,10 persons employed or more,"All activities (except agriculture, forestry and fishing, and mining and quarrying), without financial sector",Enterprises with at least basic level of digital intensity (DII Version 3),Percentage of enterprises,Serbia,2025,51.40,,
ESTAT:ISOC_E_DII(1.0),27/02/26 11:00:00,Annual,10 persons employed or more,"All activities (except agriculture, forestry and fishing, and mining and quarrying), without financial sector",Enterprises with at least basic level of digital intensity (DII Version 3),Percentage of enterprises,Sweden,2021,86.38,,
ESTAT:ISOC_E_DII(1.0),27/02/26 11:00:00,Annual,10 persons employed or more,"All activities (except agriculture, forestry and fishing, and mining and quarrying), without financial sector",Enterprises with at least basic level of digital intensity (DII Version 3),Percentage of enterprises,Sweden,2023,80.52,b,
ESTAT:ISOC_E_DII(1.0),27/02/26 11:00:00,Annual,10 persons employed or more,"All activities (except agriculture, forestry and fishing, and mining and quarrying), without financial sector",Enterprises with at least basic level of digital intensity (DII Version 3),Percentage of enterprises,Sweden,2025,86.93,,
ESTAT:ISOC_E_DII(1.0),27/02/26 11:00:00,Annual,10 persons employed or more,"All activities (except agriculture, forestry and fishing, and mining and quarrying), without financial sector",Enterprises with at least basic level of digital intensity (DII Version 3),Percentage of enterprises,Slovenia,2021,56.34,,
ESTAT:ISOC_E_DII(1.0),27/02/26 11:00:00,Annual,10 persons employed or more,"All activities (except agriculture, forestry and fishing, and mining and quarrying), without financial sector",Enterprises with at least basic level of digital intensity (DII Version 3),Percentage of enterprises,Slovenia,2023,51.62,,
ESTAT:ISOC_E_DII(1.0),27/02/26 11:00:00,Annual,10 persons employed or more,"All activities (except agriculture, forestry and fishing, and mining and quarrying), without financial sector",Enterprises with at least basic level of digital intensity (DII Version 3),Percentage of enterprises,Slovenia,2025,66.58,,
ESTAT:ISOC_E_DII(1.0),27/02/26 11:00:00,Annual,10 persons employed or more,"All activities (except agriculture, forestry and fishing, and mining and quarrying), without financial sector",Enterprises with at least basic level of digital intensity (DII Version 3),Percentage of enterprises,Slovakia,2021,44.26,,
ESTAT:ISOC_E_DII(1.0),27/02/26 11:00:00,Annual,10 persons employed or more,"All activities (except agriculture, forestry and fishing, and mining and quarrying), without financial sector",Enterprises with at least basic level of digital intensity (DII Version 3),Percentage of enterprises,Slovakia,2023,43.88,,
ESTAT:ISOC_E_DII(1.0),27/02/26 11:00:00,Annual,10 persons employed or more,"All activities (except agriculture, forestry and fishing, and mining and quarrying), without financial sector",Enterprises with at least basic level of digital intensity (DII Version 3),Percentage of enterprises,Slovakia,2025,58.39,,
ESTAT:ISOC_E_DII(1.0),27/02/26 11:00:00,Annual,10 persons employed or more,"All activities (except agriculture, forestry and fishing, and mining and quarrying), without financial sector",Enterprises with at least basic level of digital intensity (DII Version 3),Percentage of enterprises,Türkiye,2025,43.83,,
ESTAT:ISOC_E_DII(1.0),27/02/26 11:00:00,Annual,10 persons employed or more,"All activities (except agriculture, forestry and fishing, and mining and quarrying), without financial sector",Enterprises with high digital intensity index (DII version 3),Percentage of enterprises,Austria,2021,22.50,,
ESTAT:ISOC_E_DII(1.0),27/02/26 11:00:00,Annual,10 persons employed or more,"All activities (except agriculture, forestry and fishing, and mining and quarrying), without financial sector",Enterprises with high digital intensity index (DII version 3),Percentage of enterprises,Austria,2023,20.45,,
ESTAT:ISOC_E_DII(1.0),27/02/26 11:00:00,Annual,10 persons employed or more,"All activities (except agriculture, forestry and fishing, and mining and quarrying), without financial sector",Enterprises with high digital intensity index (DII version 3),Percentage of enterprises,Austria,2025,26.97,,
ESTAT:ISOC_E_DII(1.0),27/02/26 11:00:00,Annual,10 persons employed or more,"All activities (except agriculture, forestry and fishing, and mining and quarrying), without financial sector",Enterprises with high digital intensity index (DII version 3),Percentage of enterprises,Bosnia and Herzegovina,2021,6.80,,
ESTAT:ISOC_E_DII(1.0),27/02/26 11:00:00,Annual,10 persons employed or more,"All activities (except agriculture, forestry and fishing, and mining and quarrying), without financial sector",Enterprises with high digital intensity index (DII version 3),Percentage of enterprises,Bosnia and Herzegovina,2023,11.57,,
ESTAT:ISOC_E_DII(1.0),27/02/26 11:00:00,Annual,10 persons employed or more,"All activities (except agriculture, forestry and fishing, and mining and quarrying), without financial sector",Enterprises with high digital intensity index (DII version 3),Percentage of enterprises,Bosnia and Herzegovina,2025,20.51,,
ESTAT:ISOC_E_DII(1.0),27/02/26 11:00:00,Annual,10 persons employed or more,"All activities (except agriculture, forestry and fishing, and mining and quarrying), without financial sector",Enterprises with high digital intensity index (DII version 3),Percentage of enterprises,Belgium,2021,25.93,,
ESTAT:ISOC_E_DII(1.0),27/02/26 11:00:00,Annual,10 persons employed or more,"All activities (except agriculture, forestry and fishing, and mining and quarrying), without financial sector",Enterprises with high digital intensity index (DII version 3),Percentage of enterprises,Belgium,2023,32.88,,
ESTAT:ISOC_E_DII(1.0),27/02/26 11:00:00,Annual,10 persons employed or more,"All activities (except agriculture, forestry and fishing, and mining and quarrying), without financial sector",Enterprises with high digital intensity index (DII version 3),Percentage of enterprises,Belgium,2025,36.65,,
ESTAT:ISOC_E_DII(1.0),27/02/26 11:00:00,Annual,10 persons employed or more,"All activities (except agriculture, forestry and fishing, and mining and quarrying), without financial sector",Enterprises with high digital intensity index (DII version 3),Percentage of enterprises,Bulgaria,2021,7.59,,
ESTAT:ISOC_E_DII(1.0),27/02/26 11:00:00,Annual,10 persons employed or more,"All activities (except agriculture, forestry and fishing, and mining and quarrying), without financial sector",Enterprises with high digital intensity index (DII version 3),Percentage of enterprises,Bulgaria,2023,8.14,,
ESTAT:ISOC_E_DII(1.0),27/02/26 11:00:00,Annual,10 persons employed or more,"All activities (except agriculture, forestry and fishing, and mining and quarrying), without financial sector",Enterprises with high digital intensity index (DII version 3),Percentage of enterprises,Bulgaria,2025,11.40,,
ESTAT:ISOC_E_DII(1.0),27/02/26 11:00:00,Annual,10 persons employed or more,"All activities (except agriculture, forestry and fishing, and mining and quarrying), without financial sector",Enterprises with high digital intensity index (DII version 3),Percentage of enterprises,Cyprus,2021,22.96,,
ESTAT:ISOC_E_DII(1.0),27/02/26 11:00:00,Annual,10 persons employed or more,"All activities (except agriculture, forestry and fishing, and mining and quarrying), without financial sector",Enterprises with high digital intensity index (DII version 3),Percentage of enterprises,Cyprus,2023,25.71,,
ESTAT:ISOC_E_DII(1.0),27/02/26 11:00:00,Annual,10 persons employed or more,"All activities (except agriculture, forestry and fishing, and mining and quarrying), without financial sector",Enterprises with high digital intensity index (DII version 3),Percentage of enterprises,Cyprus,2025,30.14,,
ESTAT:ISOC_E_DII(1.0),27/02/26 11:00:00,Annual,10 persons employed or more,"All activities (except agriculture, forestry and fishing, and mining and quarrying), without financial sector",Enterprises with high digital intensity index (DII version 3),Percentage of enterprises,Czechia,2021,16.92,,
ESTAT:ISOC_E_DII(1.0),27/02/26 11:00:00,Annual,10 persons employed or more,"All activities (except agriculture, forestry and fishing, and mining and quarrying), without financial sector",Enterprises with high digital intensity index (DII version 3),Percentage of enterprises,Czechia,2023,16.19,,
ESTAT:ISOC_E_DII(1.0),27/02/26 11:00:00,Annual,10 persons employed or more,"All activities (except agriculture, forestry and fishing, and mining and quarrying), without financial sector",Enterprises with high digital intensity index (DII version 3),Percentage of enterprises,Czechia,2025,28.86,,
ESTAT:ISOC_E_DII(1.0),27/02/26 11:00:00,Annual,10 persons employed or more,"All activities (except agriculture, forestry and fishing, and mining and quarrying), without financial sector",Enterprises with high digital intensity index (DII version 3),Percentage of enterprises,Germany,2021,20.94,,
ESTAT:ISOC_E_DII(1.0),27/02/26 11:00:00,Annual,10 persons employed or more,"All activities (except agriculture, forestry and fishing, and mining and quarrying), without financial sector",Enterprises with high digital intensity index (DII version 3),Percentage of enterprises,Germany,2023,21.61,,
ESTAT:ISOC_E_DII(1.0),27/02/26 11:00:00,Annual,10 persons employed or more,"All activities (except agriculture, forestry and fishing, and mining and quarrying), without financial sector",Enterprises with high digital intensity index (DII version 3),Percentage of enterprises,Germany,2025,27.94,,
ESTAT:ISOC_E_DII(1.0),27/02/26 11:00:00,Annual,10 persons employed or more,"All activities (except agriculture, forestry and fishing, and mining and quarrying), without financial sector",Enterprises with high digital intensity index (DII version 3),Percentage of enterprises,Denmark,2021,33.23,,
ESTAT:ISOC_E_DII(1.0),27/02/26 11:00:00,Annual,10 persons employed or more,"All activities (except agriculture, forestry and fishing, and mining and quarrying), without financial sector",Enterprises with high digital intensity index (DII version 3),Percentage of enterprises,Denmark,2023,31.71,,
ESTAT:ISOC_E_DII(1.0),27/02/26 11:00:00,Annual,10 persons employed or more,"All activities (except agriculture, forestry and fishing, and mining and quarrying), without financial sector",Enterprises with high digital intensity index (DII version 3),Percentage of enterprises,Denmark,2025,38.88,,
ESTAT:ISOC_E_DII(1.0),27/02/26 11:00:00,Annual,10 persons employed or more,"All activities (except agriculture, forestry and fishing, and mining and quarrying), without financial sector",Enterprises with high digital intensity index (DII version 3),Percentage of enterprises,"Euro area (EA11-1999, EA12-2001, EA13-2007, EA15-2008, EA16-2009, EA17-2011, EA18-2014, EA19-2015, EA20-2023, EA21-2026)",2021,19.81,,
ESTAT:ISOC_E_DII(1.0),27/02/26 11:00:00,Annual,10 persons employed or more,"All activities (except agriculture, forestry and fishing, and mining and quarrying), without financial sector",Enterprises with high digital intensity index (DII version 3),Percentage of enterprises,"Euro area (EA11-1999, EA12-2001, EA13-2007, EA15-2008, EA16-2009, EA17-2011, EA18-2014, EA19-2015, EA20-2023, EA21-2026)",2023,21.01,,
ESTAT:ISOC_E_DII(1.0),27/02/26 11:00:00,Annual,10 persons employed or more,"All activities (except agriculture, forestry and fishing, and mining and quarrying), without financial sector",Enterprises with high digital intensity index (DII version 3),Percentage of enterprises,"Euro area (EA11-1999, EA12-2001, EA13-2007, EA15-2008, EA16-2009, EA17-2011, EA18-2014, EA19-2015, EA20-2023, EA21-2026)",2025,28.63,,
ESTAT:ISOC_E_DII(1.0),27/02/26 11:00:00,Annual,10 persons employed or more,"All activities (except agriculture, forestry and fishing, and mining and quarrying), without financial sector",Enterprises with high digital intensity index (DII version 3),Percentage of enterprises,Estonia,2021,16.54,,
ESTAT:ISOC_E_DII(1.0),27/02/26 11:00:00,Annual,10 persons employed or more,"All activities (except agriculture, forestry and fishing, and mining and quarrying), without financial sector",Enterprises with high digital intensity index (DII version 3),Percentage of enterprises,Estonia,2023,18.22,,
ESTAT:ISOC_E_DII(1.0),27/02/26 11:00:00,Annual,10 persons employed or more,"All activities (except agriculture, forestry and fishing, and mining and quarrying), without financial sector",Enterprises with high digital intensity index (DII version 3),Percentage of enterprises,Estonia,2025,28.75,d,
ESTAT:ISOC_E_DII(1.0),27/02/26 11:00:00,Annual,10 persons employed or more,"All activities (except agriculture, forestry and fishing, and mining and quarrying), without financial sector",Enterprises with high digital intensity index (DII version 3),Percentage of enterprises,Greece,2021,14.99,,
ESTAT:ISOC_E_DII(1.0),27/02/26 11:00:00,Annual,10 persons employed or more,"All activities (except agriculture, forestry and fishing, and mining and quarrying), without financial sector",Enterprises with high digital intensity index (DII version 3),Percentage of enterprises,Greece,2023,13.15,,
ESTAT:ISOC_E_DII(1.0),27/02/26 11:00:00,Annual,10 persons employed or more,"All activities (except agriculture, forestry and fishing, and mining and quarrying), without financial sector",Enterprises with high digital intensity index (DII version 3),Percentage of enterprises,Greece,2025,19.28,,
ESTAT:ISOC_E_DII(1.0),27/02/26 11:00:00,Annual,10 persons employed or more,"All activities (except agriculture, forestry and fishing, and mining and quarrying), without financial sector",Enterprises with high digital intensity index (DII version 3),Percentage of enterprises,Spain,2021,21.95,,
ESTAT:ISOC_E_DII(1.0),27/02/26 11:00:00,Annual,10 persons employed or more,"All activities (except agriculture, forestry and fishing, and mining and quarrying), without financial sector",Enterprises with high digital intensity index (DII version 3),Percentage of enterprises,Spain,2023,21.52,,
ESTAT:ISOC_E_DII(1.0),27/02/26 11:00:00,Annual,10 persons employed or more,"All activities (except agriculture, forestry and fishing, and mining and quarrying), without financial sector",Enterprises with high digital intensity index (DII version 3),Percentage of enterprises,Spain,2025,30.23,,
ESTAT:ISOC_E_DII(1.0),27/02/26 11:00:00,Annual,10 persons employed or more,"All activities (except agriculture, forestry and fishing, and mining and quarrying), without financial sector",Enterprises with high digital intensity index (DII version 3),Percentage of enterprises,European Union - 27 countries (from 2020),2021,18.88,,
ESTAT:ISOC_E_DII(1.0),27/02/26 11:00:00,Annual,10 persons employed or more,"All activities (except agriculture, forestry and fishing, and mining and quarrying), without financial sector",Enterprises with high digital intensity index (DII version 3),Percentage of enterprises,European Union - 27 countries (from 2020),2023,20.31,,
ESTAT:ISOC_E_DII(1.0),27/02/26 11:00:00,Annual,10 persons employed or more,"All activities (except agriculture, forestry and fishing, and mining and quarrying), without financial sector",Enterprises with high digital intensity index (DII version 3),Percentage of enterprises,European Union - 27 countries (from 2020),2025,27.54,,
ESTAT:ISOC_E_DII(1.0),27/02/26 11:00:00,Annual,10 persons employed or more,"All activities (except agriculture, forestry and fishing, and mining and quarrying), without financial sector",Enterprises with high digital intensity index (DII version 3),Percentage of enterprises,Finland,2021,36.30,,
ESTAT:ISOC_E_DII(1.0),27/02/26 11:00:00,Annual,10 persons employed or more,"All activities (except agriculture, forestry and fishing, and mining and quarrying), without financial sector",Enterprises with high digital intensity index (DII version 3),Percentage of enterprises,Finland,2023,38.88,,
ESTAT:ISOC_E_DII(1.0),27/02/26 11:00:00,Annual,10 persons employed or more,"All activities (except agriculture, forestry and fishing, and mining and quarrying), without financial sector",Enterprises with high digital intensity index (DII version 3),Percentage of enterprises,Finland,2025,42.40,,
ESTAT:ISOC_E_DII(1.0),27/02/26 11:00:00,Annual,10 persons employed or more,"All activities (except agriculture, forestry and fishing, and mining and quarrying), without financial sector",Enterprises with high digital intensity index (DII version 3),Percentage of enterprises,France,2021,13.05,,
ESTAT:ISOC_E_DII(1.0),27/02/26 11:00:00,Annual,10 persons employed or more,"All activities (except agriculture, forestry and fishing, and mining and quarrying), without financial sector",Enterprises with high digital intensity index (DII version 3),Percentage of enterprises,France,2023,,bu,
ESTAT:ISOC_E_DII(1.0),27/02/26 11:00:00,Annual,10 persons employed or more,"All activities (except agriculture, forestry and fishing, and mining and quarrying), without financial sector",Enterprises with high digital intensity index (DII version 3),Percentage of enterprises,France,2025,26.31,,
ESTAT:ISOC_E_DII(1.0),27/02/26 11:00:00,Annual,10 persons employed or more,"All activities (except agriculture, forestry and fishing, and mining and quarrying), without financial sector",Enterprises with high digital intensity index (DII version 3),Percentage of enterprises,Croatia,2021,16.55,,
ESTAT:ISOC_E_DII(1.0),27/02/26 11:00:00,Annual,10 persons employed or more,"All activities (except agriculture, forestry and fishing, and mining and quarrying), without financial sector",Enterprises with high digital intensity index (DII version 3),Percentage of enterprises,Croatia,2023,20.11,,
ESTAT:ISOC_E_DII(1.0),27/02/26 11:00:00,Annual,10 persons employed or more,"All activities (except agriculture, forestry and fishing, and mining and quarrying), without financial sector",Enterprises with high digital intensity index (DII version 3),Percentage of enterprises,Croatia,2025,21.98,,
ESTAT:ISOC_E_DII(1.0),27/02/26 11:00:00,Annual,10 persons employed or more,"All activities (except agriculture, forestry and fishing, and mining and quarrying), without financial sector",Enterprises with high digital intensity index (DII version 3),Percentage of enterprises,Hungary,2021,10.11,,
ESTAT:ISOC_E_DII(1.0),27/02/26 11:00:00,Annual,10 persons employed or more,"All activities (except agriculture, forestry and fishing, and mining and quarrying), without financial sector",Enterprises with high digital intensity index (DII version 3),Percentage of enterprises,Hungary,2023,18.12,,
ESTAT:ISOC_E_DII(1.0),27/02/26 11:00:00,Annual,10 persons employed or more,"All activities (except agriculture, forestry and fishing, and mining and quarrying), without financial sector",Enterprises with high digital intensity index (DII version 3),Percentage of enterprises,Hungary,2025,21.85,,
ESTAT:ISOC_E_DII(1.0),27/02/26 11:00:00,Annual,10 persons employed or more,"All activities (except agriculture, forestry and fishing, and mining and quarrying), without financial sector",Enterprises with high digital intensity index (DII version 3),Percentage of enterprises,Ireland,2021,23.80,,
ESTAT:ISOC_E_DII(1.0),27/02/26 11:00:00,Annual,10 persons employed or more,"All activities (except agriculture, forestry and fishing, and mining and quarrying), without financial sector",Enterprises with high digital intensity index (DII version 3),Percentage of enterprises,Ireland,2023,24.88,,
ESTAT:ISOC_E_DII(1.0),27/02/26 11:00:00,Annual,10 persons employed or more,"All activities (except agriculture, forestry and fishing, and mining and quarrying), without financial sector",Enterprises with high digital intensity index (DII version 3),Percentage of enterprises,Ireland,2025,29.85,,
ESTAT:ISOC_E_DII(1.0),27/02/26 11:00:00,Annual,10 persons employed or more,"All activities (except agriculture, forestry and fishing, and mining and quarrying), without financial sector",Enterprises with high digital intensity index (DII version 3),Percentage of enterprises,Italy,2021,17.73,,
ESTAT:ISOC_E_DII(1.0),27/02/26 11:00:00,Annual,10 persons employed or more,"All activities (except agriculture, forestry and fishing, and mining and quarrying), without financial sector",Enterprises with high digital intensity index (DII version 3),Percentage of enterprises,Italy,2023,19.02,,
ESTAT:ISOC_E_DII(1.0),27/02/26 11:00:00,Annual,10 persons employed or more,"All activities (except agriculture, forestry and fishing, and mining and quarrying), without financial sector",Enterprises with high digital intensity index (DII version 3),Percentage of enterprises,Italy,2025,30.22,,
ESTAT:ISOC_E_DII(1.0),27/02/26 11:00:00,Annual,10 persons employed or more,"All activities (except agriculture, forestry and fishing, and mining and quarrying), without financial sector",Enterprises with high digital intensity index (DII version 3),Percentage of enterprises,Lithuania,2021,17.66,,
ESTAT:ISOC_E_DII(1.0),27/02/26 11:00:00,Annual,10 persons employed or more,"All activities (except agriculture, forestry and fishing, and mining and quarrying), without financial sector",Enterprises with high digital intensity index (DII version 3),Percentage of enterprises,Lithuania,2023,18.68,,
ESTAT:ISOC_E_DII(1.0),27/02/26 11:00:00,Annual,10 persons employed or more,"All activities (except agriculture, forestry and fishing, and mining and quarrying), without financial sector",Enterprises with high digital intensity index (DII version 3),Percentage of enterprises,Lithuania,2025,29.37,,
ESTAT:ISOC_E_DII(1.0),27/02/26 11:00:00,Annual,10 persons employed or more,"All activities (except agriculture, forestry and fishing, and mining and quarrying), without financial sector",Enterprises with high digital intensity index (DII version 3),Percentage of enterprises,Luxembourg,2021,19.37,,
ESTAT:ISOC_E_DII(1.0),27/02/26 11:00:00,Annual,10 persons employed or more,"All activities (except agriculture, forestry and fishing, and mining and quarrying), without financial sector",Enterprises with high digital intensity index (DII version 3),Percentage of enterprises,Luxembourg,2023,20.58,,
ESTAT:ISOC_E_DII(1.0),27/02/26 11:00:00,Annual,10 persons employed or more,"All activities (except agriculture, forestry and fishing, and mining and quarrying), without financial sector",Enterprises with high digital intensity index (DII version 3),Percentage of enterprises,Luxembourg,2025,30.04,,
ESTAT:ISOC_E_DII(1.0),27/02/26 11:00:00,Annual,10 persons employed or more,"All activities (except agriculture, forestry and fishing, and mining and quarrying), without financial sector",Enterprises with high digital intensity index (DII version 3),Percentage of enterprises,Latvia,2021,11.87,,
ESTAT:ISOC_E_DII(1.0),27/02/26 11:00:00,Annual,10 persons employed or more,"All activities (except agriculture, forestry and fishing, and mining and quarrying), without financial sector",Enterprises with high digital intensity index (DII version 3),Percentage of enterprises,Latvia,2023,16.56,,
ESTAT:ISOC_E_DII(1.0),27/02/26 11:00:00,Annual,10 persons employed or more,"All activities (except agriculture, forestry and fishing, and mining and quarrying), without financial sector",Enterprises with high digital intensity index (DII version 3),Percentage of enterprises,Latvia,2025,20.61,,
ESTAT:ISOC_E_DII(1.0),27/02/26 11:00:00,Annual,10 persons employed or more,"All activities (except agriculture, forestry and fishing, and mining and quarrying), without financial sector",Enterprises with high digital intensity index (DII version 3),Percentage of enterprises,Montenegro,2021,16.36,,
ESTAT:ISOC_E_DII(1.0),27/02/26 11:00:00,Annual,10 persons employed or more,"All activities (except agriculture, forestry and fishing, and mining and quarrying), without financial sector",Enterprises with high digital intensity index (DII version 3),Percentage of enterprises,Montenegro,2023,21.63,,
ESTAT:ISOC_E_DII(1.0),27/02/26 11:00:00,Annual,10 persons employed or more,"All activities (except agriculture, forestry and fishing, and mining and quarrying), without financial sector",Enterprises with high digital intensity index (DII version 3),Percentage of enterprises,Montenegro,2025,24.61,,
ESTAT:ISOC_E_DII(1.0),27/02/26 11:00:00,Annual,10 persons employed or more,"All activities (except agriculture, forestry and fishing, and mining and quarrying), without financial sector",Enterprises with high digital intensity index (DII version 3),Percentage of enterprises,North Macedonia,2021,7.37,,
ESTAT:ISOC_E_DII(1.0),27/02/26 11:00:00,Annual,10 persons employed or more,"All activities (except agriculture, forestry and fishing, and mining and quarrying), without financial sector",Enterprises with high digital intensity index (DII version 3),Percentage of enterprises,Malta,2021,30.21,,
ESTAT:ISOC_E_DII(1.0),27/02/26 11:00:00,Annual,10 persons employed or more,"All activities (except agriculture, forestry and fishing, and mining and quarrying), without financial sector",Enterprises with high digital intensity index (DII version 3),Percentage of enterprises,Malta,2023,33.86,,
ESTAT:ISOC_E_DII(1.0),27/02/26 11:00:00,Annual,10 persons employed or more,"All activities (except agriculture, forestry and fishing, and mining and quarrying), without financial sector",Enterprises with high digital intensity index (DII version 3),Percentage of enterprises,Malta,2025,36.82,,
ESTAT:ISOC_E_DII(1.0),27/02/26 11:00:00,Annual,10 persons employed or more,"All activities (except agriculture, forestry and fishing, and mining and quarrying), without financial sector",Enterprises with high digital intensity index (DII version 3),Percentage of enterprises,Netherlands,2021,34.47,,
ESTAT:ISOC_E_DII(1.0),27/02/26 11:00:00,Annual,10 persons employed or more,"All activities (except agriculture, forestry and fishing, and mining and quarrying), without financial sector",Enterprises with high digital intensity index (DII version 3),Percentage of enterprises,Netherlands,2023,38.78,,
ESTAT:ISOC_E_DII(1.0),27/02/26 11:00:00,Annual,10 persons employed or more,"All activities (except agriculture, forestry and fishing, and mining and quarrying), without financial sector",Enterprises with high digital intensity index (DII version 3),Percentage of enterprises,Netherlands,2025,41.71,,
ESTAT:ISOC_E_DII(1.0),27/02/26 11:00:00,Annual,10 persons employed or more,"All activities (except agriculture, forestry and fishing, and mining and quarrying), without financial sector",Enterprises with high digital intensity index (DII version 3),Percentage of enterprises,Norway,2021,31.31,,
ESTAT:ISOC_E_DII(1.0),27/02/26 11:00:00,Annual,10 persons employed or more,"All activities (except agriculture, forestry and fishing, and mining and quarrying), without financial sector",Enterprises with high digital intensity index (DII version 3),Percentage of enterprises,Norway,2023,33.49,,
ESTAT:ISOC_E_DII(1.0),27/02/26 11:00:00,Annual,10 persons employed or more,"All activities (except agriculture, forestry and fishing, and mining and quarrying), without financial sector",Enterprises with high digital intensity index (DII version 3),Percentage of enterprises,Norway,2025,35.05,,
ESTAT:ISOC_E_DII(1.0),27/02/26 11:00:00,Annual,10 persons employed or more,"All activities (except agriculture, forestry and fishing, and mining and quarrying), without financial sector",Enterprises with high digital intensity index (DII version 3),Percentage of enterprises,Poland,2021,12.08,,
ESTAT:ISOC_E_DII(1.0),27/02/26 11:00:00,Annual,10 persons employed or more,"All activities (except agriculture, forestry and fishing, and mining and quarrying), without financial sector",Enterprises with high digital intensity index (DII version 3),Percentage of enterprises,Poland,2023,17.20,,
ESTAT:ISOC_E_DII(1.0),27/02/26 11:00:00,Annual,10 persons employed or more,"All activities (except agriculture, forestry and fishing, and mining and quarrying), without financial sector",Enterprises with high digital intensity index (DII version 3),Percentage of enterprises,Poland,2025,22.10,,
ESTAT:ISOC_E_DII(1.0),27/02/26 11:00:00,Annual,10 persons employed or more,"All activities (except agriculture, forestry and fishing, and mining and quarrying), without financial sector",Enterprises with high digital intensity index (DII version 3),Percentage of enterprises,Portugal,2021,16.07,,
ESTAT:ISOC_E_DII(1.0),27/02/26 11:00:00,Annual,10 persons employed or more,"All activities (except agriculture, forestry and fishing, and mining and quarrying), without financial sector",Enterprises with high digital intensity index (DII version 3),Percentage of enterprises,Portugal,2023,17.08,,
ESTAT:ISOC_E_DII(1.0),27/02/26 11:00:00,Annual,10 persons employed or more,"All activities (except agriculture, forestry and fishing, and mining and quarrying), without financial sector",Enterprises with high digital intensity index (DII version 3),Percentage of enterprises,Portugal,2025,21.84,,
ESTAT:ISOC_E_DII(1.0),27/02/26 11:00:00,Annual,10 persons employed or more,"All activities (except agriculture, forestry and fishing, and mining and quarrying), without financial sector",Enterprises with high digital intensity index (DII version 3),Percentage of enterprises,Romania,2021,5.52,,
ESTAT:ISOC_E_DII(1.0),27/02/26 11:00:00,Annual,10 persons employed or more,"All activities (except agriculture, forestry and fishing, and mining and quarrying), without financial sector",Enterprises with high digital intensity index (DII version 3),Percentage of enterprises,Romania,2023,7.92,,
ESTAT:ISOC_E_DII(1.0),27/02/26 11:00:00,Annual,10 persons employed or more,"All activities (except agriculture, forestry and fishing, and mining and quarrying), without financial sector",Enterprises with high digital intensity index (DII version 3),Percentage of enterprises,Romania,2025,14.45,,
ESTAT:ISOC_E_DII(1.0),27/02/26 11:00:00,Annual,10 persons employed or more,"All activities (except agriculture, forestry and fishing, and mining and quarrying), without financial sector",Enterprises with high digital intensity index (DII version 3),Percentage of enterprises,Serbia,2021,10.48,,
ESTAT:ISOC_E_DII(1.0),27/02/26 11:00:00,Annual,10 persons employed or more,"All activities (except agriculture, forestry and fishing, and mining and quarrying), without financial sector",Enterprises with high digital intensity index (DII version 3),Percentage of enterprises,Serbia,2023,13.28,,
ESTAT:ISOC_E_DII(1.0),27/02/26 11:00:00,Annual,10 persons employed or more,"All activities (except agriculture, forestry and fishing, and mining and quarrying), without financial sector",Enterprises with high digital intensity index (DII version 3),Percentage of enterprises,Serbia,2025,15.98,,
ESTAT:ISOC_E_DII(1.0),27/02/26 11:00:00,Annual,10 persons employed or more,"All activities (except agriculture, forestry and fishing, and mining and quarrying), without financial sector",Enterprises with high digital intensity index (DII version 3),Percentage of enterprises,Sweden,2021,37.93,,
ESTAT:ISOC_E_DII(1.0),27/02/26 11:00:00,Annual,10 persons employed or more,"All activities (except agriculture, forestry and fishing, and mining and quarrying), without financial sector",Enterprises with high digital intensity index (DII version 3),Percentage of enterprises,Sweden,2023,33.20,b,
ESTAT:ISOC_E_DII(1.0),27/02/26 11:00:00,Annual,10 persons employed or more,"All activities (except agriculture, forestry and fishing, and mining and quarrying), without financial sector",Enterprises with high digital intensity index (DII version 3),Percentage of enterprises,Sweden,2025,35.14,,
ESTAT:ISOC_E_DII(1.0),27/02/26 11:00:00,Annual,10 persons employed or more,"All activities (except agriculture, forestry and fishing, and mining and quarrying), without financial sector",Enterprises with high digital intensity index (DII version 3),Percentage of enterprises,Slovenia,2021,20.32,,
ESTAT:ISOC_E_DII(1.0),27/02/26 11:00:00,Annual,10 persons employed or more,"All activities (except agriculture, forestry and fishing, and mining and quarrying), without financial sector",Enterprises with high digital intensity index (DII version 3),Percentage of enterprises,Slovenia,2023,18.03,,
ESTAT:ISOC_E_DII(1.0),27/02/26 11:00:00,Annual,10 persons employed or more,"All activities (except agriculture, forestry and fishing, and mining and quarrying), without financial sector",Enterprises with high digital intensity index (DII version 3),Percentage of enterprises,Slovenia,2025,23.39,,
ESTAT:ISOC_E_DII(1.0),27/02/26 11:00:00,Annual,10 persons employed or more,"All activities (except agriculture, forestry and fishing, and mining and quarrying), without financial sector",Enterprises with high digital intensity index (DII version 3),Percentage of enterprises,Slovakia,2021,13.98,,
ESTAT:ISOC_E_DII(1.0),27/02/26 11:00:00,Annual,10 persons employed or more,"All activities (except agriculture, forestry and fishing, and mining and quarrying), without financial sector",Enterprises with high digital intensity index (DII version 3),Percentage of enterprises,Slovakia,2023,13.99,,
ESTAT:ISOC_E_DII(1.0),27/02/26 11:00:00,Annual,10 persons employed or more,"All activities (except agriculture, forestry and fishing, and mining and quarrying), without financial sector",Enterprises with high digital intensity index (DII version 3),Percentage of enterprises,Slovakia,2025,20.43,,
ESTAT:ISOC_E_DII(1.0),27/02/26 11:00:00,Annual,10 persons employed or more,"All activities (except agriculture, forestry and fishing, and mining and quarrying), without financial sector",Enterprises with high digital intensity index (DII version 3),Percentage of enterprises,Türkiye,2025,10.94,,
ESTAT:ISOC_E_DII(1.0),27/02/26 11:00:00,Annual,10 persons employed or more,"All activities (except agriculture, forestry and fishing, and mining and quarrying), without financial sector",Enterprises with low digital intensity index (DII version 3),Percentage of enterprises,Austria,2021,36.89,,
ESTAT:ISOC_E_DII(1.0),27/02/26 11:00:00,Annual,10 persons employed or more,"All activities (except agriculture, forestry and fishing, and mining and quarrying), without financial sector",Enterprises with low digital intensity index (DII version 3),Percentage of enterprises,Austria,2023,33.05,,
ESTAT:ISOC_E_DII(1.0),27/02/26 11:00:00,Annual,10 persons employed or more,"All activities (except agriculture, forestry and fishing, and mining and quarrying), without financial sector",Enterprises with low digital intensity index (DII version 3),Percentage of enterprises,Austria,2025,36.70,,
ESTAT:ISOC_E_DII(1.0),27/02/26 11:00:00,Annual,10 persons employed or more,"All activities (except agriculture, forestry and fishing, and mining and quarrying), without financial sector",Enterprises with low digital intensity index (DII version 3),Percentage of enterprises,Bosnia and Herzegovina,2021,25.54,,
ESTAT:ISOC_E_DII(1.0),27/02/26 11:00:00,Annual,10 persons employed or more,"All activities (except agriculture, forestry and fishing, and mining and quarrying), without financial sector",Enterprises with low digital intensity index (DII version 3),Percentage of enterprises,Bosnia and Herzegovina,2023,31.17,,
ESTAT:ISOC_E_DII(1.0),27/02/26 11:00:00,Annual,10 persons employed or more,"All activities (except agriculture, forestry and fishing, and mining and quarrying), without financial sector",Enterprises with low digital intensity index (DII version 3),Percentage of enterprises,Bosnia and Herzegovina,2025,40.17,,
ESTAT:ISOC_E_DII(1.0),27/02/26 11:00:00,Annual,10 persons employed or more,"All activities (except agriculture, forestry and fishing, and mining and quarrying), without financial sector",Enterprises with low digital intensity index (DII version 3),Percentage of enterprises,Belgium,2021,38.09,,
ESTAT:ISOC_E_DII(1.0),27/02/26 11:00:00,Annual,10 persons employed or more,"All activities (except agriculture, forestry and fishing, and mining and quarrying), without financial sector",Enterprises with low digital intensity index (DII version 3),Percentage of enterprises,Belgium,2023,32.74,,
ESTAT:ISOC_E_DII(1.0),27/02/26 11:00:00,Annual,10 persons employed or more,"All activities (except agriculture, forestry and fishing, and mining and quarrying), without financial sector",Enterprises with low digital intensity index (DII version 3),Percentage of enterprises,Belgium,2025,28.22,,
ESTAT:ISOC_E_DII(1.0),27/02/26 11:00:00,Annual,10 persons employed or more,"All activities (except agriculture, forestry and fishing, and mining and quarrying), without financial sector",Enterprises with low digital intensity index (DII version 3),Percentage of enterprises,Bulgaria,2021,17.66,,
ESTAT:ISOC_E_DII(1.0),27/02/26 11:00:00,Annual,10 persons employed or more,"All activities (except agriculture, forestry and fishing, and mining and quarrying), without financial sector",Enterprises with low digital intensity index (DII version 3),Percentage of enterprises,Bulgaria,2023,19.59,,
ESTAT:ISOC_E_DII(1.0),27/02/26 11:00:00,Annual,10 persons employed or more,"All activities (except agriculture, forestry and fishing, and mining and quarrying), without financial sector",Enterprises with low digital intensity index (DII version 3),Percentage of enterprises,Bulgaria,2025,25.91,,
ESTAT:ISOC_E_DII(1.0),27/02/26 11:00:00,Annual,10 persons employed or more,"All activities (except agriculture, forestry and fishing, and mining and quarrying), without financial sector",Enterprises with low digital intensity index (DII version 3),Percentage of enterprises,Cyprus,2021,41.07,,
ESTAT:ISOC_E_DII(1.0),27/02/26 11:00:00,Annual,10 persons employed or more,"All activities (except agriculture, forestry and fishing, and mining and quarrying), without financial sector",Enterprises with low digital intensity index (DII version 3),Percentage of enterprises,Cyprus,2023,37.33,,
ESTAT:ISOC_E_DII(1.0),27/02/26 11:00:00,Annual,10 persons employed or more,"All activities (except agriculture, forestry and fishing, and mining and quarrying), without financial sector",Enterprises with low digital intensity index (DII version 3),Percentage of enterprises,Cyprus,2025,37.21,,
ESTAT:ISOC_E_DII(1.0),27/02/26 11:00:00,Annual,10 persons employed or more,"All activities (except agriculture, forestry and fishing, and mining and quarrying), without financial sector",Enterprises with low digital intensity index (DII version 3),Percentage of enterprises,Czechia,2021,33.51,,
ESTAT:ISOC_E_DII(1.0),27/02/26 11:00:00,Annual,10 persons employed or more,"All activities (except agriculture, forestry and fishing, and mining and quarrying), without financial sector",Enterprises with low digital intensity index (DII version 3),Percentage of enterprises,Czechia,2023,29.94,,
ESTAT:ISOC_E_DII(1.0),27/02/26 11:00:00,Annual,10 persons employed or more,"All activities (except agriculture, forestry and fishing, and mining and quarrying), without financial sector",Enterprises with low digital intensity index (DII version 3),Percentage of enterprises,Czechia,2025,30.58,,
ESTAT:ISOC_E_DII(1.0),27/02/26 11:00:00,Annual,10 persons employed or more,"All activities (except agriculture, forestry and fishing, and mining and quarrying), without financial sector",Enterprises with low digital intensity index (DII version 3),Percentage of enterprises,Germany,2021,34.69,,
ESTAT:ISOC_E_DII(1.0),27/02/26 11:00:00,Annual,10 persons employed or more,"All activities (except agriculture, forestry and fishing, and mining and quarrying), without financial sector",Enterprises with low digital intensity index (DII version 3),Percentage of enterprises,Germany,2023,35.23,,
ESTAT:ISOC_E_DII(1.0),27/02/26 11:00:00,Annual,10 persons employed or more,"All activities (except agriculture, forestry and fishing, and mining and quarrying), without financial sector",Enterprises with low digital intensity index (DII version 3),Percentage of enterprises,Germany,2025,35.96,,
ESTAT:ISOC_E_DII(1.0),27/02/26 11:00:00,Annual,10 persons employed or more,"All activities (except agriculture, forestry and fishing, and mining and quarrying), without financial sector",Enterprises with low digital intensity index (DII version 3),Percentage of enterprises,Denmark,2021,36.71,,
ESTAT:ISOC_E_DII(1.0),27/02/26 11:00:00,Annual,10 persons employed or more,"All activities (except agriculture, forestry and fishing, and mining and quarrying), without financial sector",Enterprises with low digital intensity index (DII version 3),Percentage of enterprises,Denmark,2023,37.67,,
ESTAT:ISOC_E_DII(1.0),27/02/26 11:00:00,Annual,10 persons employed or more,"All activities (except agriculture, forestry and fishing, and mining and quarrying), without financial sector",Enterprises with low digital intensity index (DII version 3),Percentage of enterprises,Denmark,2025,26.65,,
ESTAT:ISOC_E_DII(1.0),27/02/26 11:00:00,Annual,10 persons employed or more,"All activities (except agriculture, forestry and fishing, and mining and quarrying), without financial sector",Enterprises with low digital intensity index (DII version 3),Percentage of enterprises,"Euro area (EA11-1999, EA12-2001, EA13-2007, EA15-2008, EA16-2009, EA17-2011, EA18-2014, EA19-2015, EA20-2023, EA21-2026)",2021,35.47,,
ESTAT:ISOC_E_DII(1.0),27/02/26 11:00:00,Annual,10 persons employed or more,"All activities (except agriculture, forestry and fishing, and mining and quarrying), without financial sector",Enterprises with low digital intensity index (DII version 3),Percentage of enterprises,"Euro area (EA11-1999, EA12-2001, EA13-2007, EA15-2008, EA16-2009, EA17-2011, EA18-2014, EA19-2015, EA20-2023, EA21-2026)",2023,34.65,,
ESTAT:ISOC_E_DII(1.0),27/02/26 11:00:00,Annual,10 persons employed or more,"All activities (except agriculture, forestry and fishing, and mining and quarrying), without financial sector",Enterprises with low digital intensity index (DII version 3),Percentage of enterprises,"Euro area (EA11-1999, EA12-2001, EA13-2007, EA15-2008, EA16-2009, EA17-2011, EA18-2014, EA19-2015, EA20-2023, EA21-2026)",2025,35.50,,
ESTAT:ISOC_E_DII(1.0),27/02/26 11:00:00,Annual,10 persons employed or more,"All activities (except agriculture, forestry and fishing, and mining and quarrying), without financial sector",Enterprises with low digital intensity index (DII version 3),Percentage of enterprises,Estonia,2021,35.94,,
ESTAT:ISOC_E_DII(1.0),27/02/26 11:00:00,Annual,10 persons employed or more,"All activities (except agriculture, forestry and fishing, and mining and quarrying), without financial sector",Enterprises with low digital intensity index (DII version 3),Percentage of enterprises,Estonia,2023,34.37,,
ESTAT:ISOC_E_DII(1.0),27/02/26 11:00:00,Annual,10 persons employed or more,"All activities (except agriculture, forestry and fishing, and mining and quarrying), without financial sector",Enterprises with low digital intensity index (DII version 3),Percentage of enterprises,Estonia,2025,35.53,d,
ESTAT:ISOC_E_DII(1.0),27/02/26 11:00:00,Annual,10 persons employed or more,"All activities (except agriculture, forestry and fishing, and mining and quarrying), without financial sector",Enterprises with low digital intensity index (DII version 3),Percentage of enterprises,Greece,2021,21.79,,
ESTAT:ISOC_E_DII(1.0),27/02/26 11:00:00,Annual,10 persons employed or more,"All activities (except agriculture, forestry and fishing, and mining and quarrying), without financial sector",Enterprises with low digital intensity index (DII version 3),Percentage of enterprises,Greece,2023,27.85,,
ESTAT:ISOC_E_DII(1.0),27/02/26 11:00:00,Annual,10 persons employed or more,"All activities (except agriculture, forestry and fishing, and mining and quarrying), without financial sector",Enterprises with low digital intensity index (DII version 3),Percentage of enterprises,Greece,2025,30.95,,
ESTAT:ISOC_E_DII(1.0),27/02/26 11:00:00,Annual,10 persons employed or more,"All activities (except agriculture, forestry and fishing, and mining and quarrying), without financial sector",Enterprises with low digital intensity index (DII version 3),Percentage of enterprises,Spain,2021,35.02,,
ESTAT:ISOC_E_DII(1.0),27/02/26 11:00:00,Annual,10 persons employed or more,"All activities (except agriculture, forestry and fishing, and mining and quarrying), without financial sector",Enterprises with low digital intensity index (DII version 3),Percentage of enterprises,Spain,2023,33.13,,
ESTAT:ISOC_E_DII(1.0),27/02/26 11:00:00,Annual,10 persons employed or more,"All activities (except agriculture, forestry and fishing, and mining and quarrying), without financial sector",Enterprises with low digital intensity index (DII version 3),Percentage of enterprises,Spain,2025,33.63,,
ESTAT:ISOC_E_DII(1.0),27/02/26 11:00:00,Annual,10 persons employed or more,"All activities (except agriculture, forestry and fishing, and mining and quarrying), without financial sector",Enterprises with low digital intensity index (DII version 3),Percentage of enterprises,European Union - 27 countries (from 2020),2021,33.72,,
ESTAT:ISOC_E_DII(1.0),27/02/26 11:00:00,Annual,10 persons employed or more,"All activities (except agriculture, forestry and fishing, and mining and quarrying), without financial sector",Enterprises with low digital intensity index (DII version 3),Percentage of enterprises,European Union - 27 countries (from 2020),2023,33.54,,
ESTAT:ISOC_E_DII(1.0),27/02/26 11:00:00,Annual,10 persons employed or more,"All activities (except agriculture, forestry and fishing, and mining and quarrying), without financial sector",Enterprises with low digital intensity index (DII version 3),Percentage of enterprises,European Union - 27 countries (from 2020),2025,34.52,,
ESTAT:ISOC_E_DII(1.0),27/02/26 11:00:00,Annual,10 persons employed or more,"All activities (except agriculture, forestry and fishing, and mining and quarrying), without financial sector",Enterprises with low digital intensity index (DII version 3),Percentage of enterprises,Finland,2021,35.42,,
ESTAT:ISOC_E_DII(1.0),27/02/26 11:00:00,Annual,10 persons employed or more,"All activities (except agriculture, forestry and fishing, and mining and quarrying), without financial sector",Enterprises with low digital intensity index (DII version 3),Percentage of enterprises,Finland,2023,34.15,,
ESTAT:ISOC_E_DII(1.0),27/02/26 11:00:00,Annual,10 persons employed or more,"All activities (except agriculture, forestry and fishing, and mining and quarrying), without financial sector",Enterprises with low digital intensity index (DII version 3),Percentage of enterprises,Finland,2025,26.46,,
ESTAT:ISOC_E_DII(1.0),27/02/26 11:00:00,Annual,10 persons employed or more,"All activities (except agriculture, forestry and fishing, and mining and quarrying), without financial sector",Enterprises with low digital intensity index (DII version 3),Percentage of enterprises,France,2021,34.30,,
ESTAT:ISOC_E_DII(1.0),27/02/26 11:00:00,Annual,10 persons employed or more,"All activities (except agriculture, forestry and fishing, and mining and quarrying), without financial sector",Enterprises with low digital intensity index (DII version 3),Percentage of enterprises,France,2023,34.07,b,
ESTAT:ISOC_E_DII(1.0),27/02/26 11:00:00,Annual,10 persons employed or more,"All activities (except agriculture, forestry and fishing, and mining and quarrying), without financial sector",Enterprises with low digital intensity index (DII version 3),Percentage of enterprises,France,2025,35.76,,
ESTAT:ISOC_E_DII(1.0),27/02/26 11:00:00,Annual,10 persons employed or more,"All activities (except agriculture, forestry and fishing, and mining and quarrying), without financial sector",Enterprises with low digital intensity index (DII version 3),Percentage of enterprises,Croatia,2021,30.31,,
ESTAT:ISOC_E_DII(1.0),27/02/26 11:00:00,Annual,10 persons employed or more,"All activities (except agriculture, forestry and fishing, and mining and quarrying), without financial sector",Enterprises with low digital intensity index (DII version 3),Percentage of enterprises,Croatia,2023,31.77,,
ESTAT:ISOC_E_DII(1.0),27/02/26 11:00:00,Annual,10 persons employed or more,"All activities (except agriculture, forestry and fishing, and mining and quarrying), without financial sector",Enterprises with low digital intensity index (DII version 3),Percentage of enterprises,Croatia,2025,28.76,,
ESTAT:ISOC_E_DII(1.0),27/02/26 11:00:00,Annual,10 persons employed or more,"All activities (except agriculture, forestry and fishing, and mining and quarrying), without financial sector",Enterprises with low digital intensity index (DII version 3),Percentage of enterprises,Hungary,2021,24.08,,
ESTAT:ISOC_E_DII(1.0),27/02/26 11:00:00,Annual,10 persons employed or more,"All activities (except agriculture, forestry and fishing, and mining and quarrying), without financial sector",Enterprises with low digital intensity index (DII version 3),Percentage of enterprises,Hungary,2023,32.14,,
ESTAT:ISOC_E_DII(1.0),27/02/26 11:00:00,Annual,10 persons employed or more,"All activities (except agriculture, forestry and fishing, and mining and quarrying), without financial sector",Enterprises with low digital intensity index (DII version 3),Percentage of enterprises,Hungary,2025,32.77,,
ESTAT:ISOC_E_DII(1.0),27/02/26 11:00:00,Annual,10 persons employed or more,"All activities (except agriculture, forestry and fishing, and mining and quarrying), without financial sector",Enterprises with low digital intensity index (DII version 3),Percentage of enterprises,Ireland,2021,36.52,,
ESTAT:ISOC_E_DII(1.0),27/02/26 11:00:00,Annual,10 persons employed or more,"All activities (except agriculture, forestry and fishing, and mining and quarrying), without financial sector",Enterprises with low digital intensity index (DII version 3),Percentage of enterprises,Ireland,2023,35.11,,
ESTAT:ISOC_E_DII(1.0),27/02/26 11:00:00,Annual,10 persons employed or more,"All activities (except agriculture, forestry and fishing, and mining and quarrying), without financial sector",Enterprises with low digital intensity index (DII version 3),Percentage of enterprises,Ireland,2025,38.25,,
ESTAT:ISOC_E_DII(1.0),27/02/26 11:00:00,Annual,10 persons employed or more,"All activities (except agriculture, forestry and fishing, and mining and quarrying), without financial sector",Enterprises with low digital intensity index (DII version 3),Percentage of enterprises,Italy,2021,40.78,,
ESTAT:ISOC_E_DII(1.0),27/02/26 11:00:00,Annual,10 persons employed or more,"All activities (except agriculture, forestry and fishing, and mining and quarrying), without financial sector",Enterprises with low digital intensity index (DII version 3),Percentage of enterprises,Italy,2023,39.03,,
ESTAT:ISOC_E_DII(1.0),27/02/26 11:00:00,Annual,10 persons employed or more,"All activities (except agriculture, forestry and fishing, and mining and quarrying), without financial sector",Enterprises with low digital intensity index (DII version 3),Percentage of enterprises,Italy,2025,41.66,,
ESTAT:ISOC_E_DII(1.0),27/02/26 11:00:00,Annual,10 persons employed or more,"All activities (except agriculture, forestry and fishing, and mining and quarrying), without financial sector",Enterprises with low digital intensity index (DII version 3),Percentage of enterprises,Lithuania,2021,36.38,,
ESTAT:ISOC_E_DII(1.0),27/02/26 11:00:00,Annual,10 persons employed or more,"All activities (except agriculture, forestry and fishing, and mining and quarrying), without financial sector",Enterprises with low digital intensity index (DII version 3),Percentage of enterprises,Lithuania,2023,38.08,,
ESTAT:ISOC_E_DII(1.0),27/02/26 11:00:00,Annual,10 persons employed or more,"All activities (except agriculture, forestry and fishing, and mining and quarrying), without financial sector",Enterprises with low digital intensity index (DII version 3),Percentage of enterprises,Lithuania,2025,30.99,,
ESTAT:ISOC_E_DII(1.0),27/02/26 11:00:00,Annual,10 persons employed or more,"All activities (except agriculture, forestry and fishing, and mining and quarrying), without financial sector",Enterprises with low digital intensity index (DII version 3),Percentage of enterprises,Luxembourg,2021,33.60,,
ESTAT:ISOC_E_DII(1.0),27/02/26 11:00:00,Annual,10 persons employed or more,"All activities (except agriculture, forestry and fishing, and mining and quarrying), without financial sector",Enterprises with low digital intensity index (DII version 3),Percentage of enterprises,Luxembourg,2023,34.39,,
ESTAT:ISOC_E_DII(1.0),27/02/26 11:00:00,Annual,10 persons employed or more,"All activities (except agriculture, forestry and fishing, and mining and quarrying), without financial sector",Enterprises with low digital intensity index (DII version 3),Percentage of enterprises,Luxembourg,2025,37.80,,
ESTAT:ISOC_E_DII(1.0),27/02/26 11:00:00,Annual,10 persons employed or more,"All activities (except agriculture, forestry and fishing, and mining and quarrying), without financial sector",Enterprises with low digital intensity index (DII version 3),Percentage of enterprises,Latvia,2021,25.51,,
ESTAT:ISOC_E_DII(1.0),27/02/26 11:00:00,Annual,10 persons employed or more,"All activities (except agriculture, forestry and fishing, and mining and quarrying), without financial sector",Enterprises with low digital intensity index (DII version 3),Percentage of enterprises,Latvia,2023,28.12,,
ESTAT:ISOC_E_DII(1.0),27/02/26 11:00:00,Annual,10 persons employed or more,"All activities (except agriculture, forestry and fishing, and mining and quarrying), without financial sector",Enterprises with low digital intensity index (DII version 3),Percentage of enterprises,Latvia,2025,31.10,,
ESTAT:ISOC_E_DII(1.0),27/02/26 11:00:00,Annual,10 persons employed or more,"All activities (except agriculture, forestry and fishing, and mining and quarrying), without financial sector",Enterprises with low digital intensity index (DII version 3),Percentage of enterprises,Montenegro,2021,27.09,,
ESTAT:ISOC_E_DII(1.0),27/02/26 11:00:00,Annual,10 persons employed or more,"All activities (except agriculture, forestry and fishing, and mining and quarrying), without financial sector",Enterprises with low digital intensity index (DII version 3),Percentage of enterprises,Montenegro,2023,38.12,,
ESTAT:ISOC_E_DII(1.0),27/02/26 11:00:00,Annual,10 persons employed or more,"All activities (except agriculture, forestry and fishing, and mining and quarrying), without financial sector",Enterprises with low digital intensity index (DII version 3),Percentage of enterprises,Montenegro,2025,50.98,,
ESTAT:ISOC_E_DII(1.0),27/02/26 11:00:00,Annual,10 persons employed or more,"All activities (except agriculture, forestry and fishing, and mining and quarrying), without financial sector",Enterprises with low digital intensity index (DII version 3),Percentage of enterprises,North Macedonia,2021,20.03,,
ESTAT:ISOC_E_DII(1.0),27/02/26 11:00:00,Annual,10 persons employed or more,"All activities (except agriculture, forestry and fishing, and mining and quarrying), without financial sector",Enterprises with low digital intensity index (DII version 3),Percentage of enterprises,Malta,2021,33.32,,
ESTAT:ISOC_E_DII(1.0),27/02/26 11:00:00,Annual,10 persons employed or more,"All activities (except agriculture, forestry and fishing, and mining and quarrying), without financial sector",Enterprises with low digital intensity index (DII version 3),Percentage of enterprises,Malta,2023,31.62,,
ESTAT:ISOC_E_DII(1.0),27/02/26 11:00:00,Annual,10 persons employed or more,"All activities (except agriculture, forestry and fishing, and mining and quarrying), without financial sector",Enterprises with low digital intensity index (DII version 3),Percentage of enterprises,Malta,2025,30.11,,
ESTAT:ISOC_E_DII(1.0),27/02/26 11:00:00,Annual,10 persons employed or more,"All activities (except agriculture, forestry and fishing, and mining and quarrying), without financial sector",Enterprises with low digital intensity index (DII version 3),Percentage of enterprises,Netherlands,2021,39.41,,
ESTAT:ISOC_E_DII(1.0),27/02/26 11:00:00,Annual,10 persons employed or more,"All activities (except agriculture, forestry and fishing, and mining and quarrying), without financial sector",Enterprises with low digital intensity index (DII version 3),Percentage of enterprises,Netherlands,2023,33.10,,
ESTAT:ISOC_E_DII(1.0),27/02/26 11:00:00,Annual,10 persons employed or more,"All activities (except agriculture, forestry and fishing, and mining and quarrying), without financial sector",Enterprises with low digital intensity index (DII version 3),Percentage of enterprises,Netherlands,2025,25.81,,
ESTAT:ISOC_E_DII(1.0),27/02/26 11:00:00,Annual,10 persons employed or more,"All activities (except agriculture, forestry and fishing, and mining and quarrying), without financial sector",Enterprises with low digital intensity index (DII version 3),Percentage of enterprises,Norway,2021,39.41,,
ESTAT:ISOC_E_DII(1.0),27/02/26 11:00:00,Annual,10 persons employed or more,"All activities (except agriculture, forestry and fishing, and mining and quarrying), without financial sector",Enterprises with low digital intensity index (DII version 3),Percentage of enterprises,Norway,2023,40.06,,
ESTAT:ISOC_E_DII(1.0),27/02/26 11:00:00,Annual,10 persons employed or more,"All activities (except agriculture, forestry and fishing, and mining and quarrying), without financial sector",Enterprises with low digital intensity index (DII version 3),Percentage of enterprises,Norway,2025,34.46,,
ESTAT:ISOC_E_DII(1.0),27/02/26 11:00:00,Annual,10 persons employed or more,"All activities (except agriculture, forestry and fishing, and mining and quarrying), without financial sector",Enterprises with low digital intensity index (DII version 3),Percentage of enterprises,Poland,2021,27.10,,
ESTAT:ISOC_E_DII(1.0),27/02/26 11:00:00,Annual,10 persons employed or more,"All activities (except agriculture, forestry and fishing, and mining and quarrying), without financial sector",Enterprises with low digital intensity index (DII version 3),Percentage of enterprises,Poland,2023,30.43,,
ESTAT:ISOC_E_DII(1.0),27/02/26 11:00:00,Annual,10 persons employed or more,"All activities (except agriculture, forestry and fishing, and mining and quarrying), without financial sector",Enterprises with low digital intensity index (DII version 3),Percentage of enterprises,Poland,2025,31.84,,
ESTAT:ISOC_E_DII(1.0),27/02/26 11:00:00,Annual,10 persons employed or more,"All activities (except agriculture, forestry and fishing, and mining and quarrying), without financial sector",Enterprises with low digital intensity index (DII version 3),Percentage of enterprises,Portugal,2021,30.49,,
ESTAT:ISOC_E_DII(1.0),27/02/26 11:00:00,Annual,10 persons employed or more,"All activities (except agriculture, forestry and fishing, and mining and quarrying), without financial sector",Enterprises with low digital intensity index (DII version 3),Percentage of enterprises,Portugal,2023,32.87,,
ESTAT:ISOC_E_DII(1.0),27/02/26 11:00:00,Annual,10 persons employed or more,"All activities (except agriculture, forestry and fishing, and mining and quarrying), without financial sector",Enterprises with low digital intensity index (DII version 3),Percentage of enterprises,Portugal,2025,35.14,,
ESTAT:ISOC_E_DII(1.0),27/02/26 11:00:00,Annual,10 persons employed or more,"All activities (except agriculture, forestry and fishing, and mining and quarrying), without financial sector",Enterprises with low digital intensity index (DII version 3),Percentage of enterprises,Romania,2021,17.33,,
ESTAT:ISOC_E_DII(1.0),27/02/26 11:00:00,Annual,10 persons employed or more,"All activities (except agriculture, forestry and fishing, and mining and quarrying), without financial sector",Enterprises with low digital intensity index (DII version 3),Percentage of enterprises,Romania,2023,18.71,,
ESTAT:ISOC_E_DII(1.0),27/02/26 11:00:00,Annual,10 persons employed or more,"All activities (except agriculture, forestry and fishing, and mining and quarrying), without financial sector",Enterprises with low digital intensity index (DII version 3),Percentage of enterprises,Romania,2025,28.38,,
ESTAT:ISOC_E_DII(1.0),27/02/26 11:00:00,Annual,10 persons employed or more,"All activities (except agriculture, forestry and fishing, and mining and quarrying), without financial sector",Enterprises with low digital intensity index (DII version 3),Percentage of enterprises,Serbia,2021,31.47,,
ESTAT:ISOC_E_DII(1.0),27/02/26 11:00:00,Annual,10 persons employed or more,"All activities (except agriculture, forestry and fishing, and mining and quarrying), without financial sector",Enterprises with low digital intensity index (DII version 3),Percentage of enterprises,Serbia,2023,34.01,,
ESTAT:ISOC_E_DII(1.0),27/02/26 11:00:00,Annual,10 persons employed or more,"All activities (except agriculture, forestry and fishing, and mining and quarrying), without financial sector",Enterprises with low digital intensity index (DII version 3),Percentage of enterprises,Serbia,2025,32.22,,
ESTAT:ISOC_E_DII(1.0),27/02/26 11:00:00,Annual,10 persons employed or more,"All activities (except agriculture, forestry and fishing, and mining and quarrying), without financial sector",Enterprises with low digital intensity index (DII version 3),Percentage of enterprises,Sweden,2021,38.97,,
ESTAT:ISOC_E_DII(1.0),27/02/26 11:00:00,Annual,10 persons employed or more,"All activities (except agriculture, forestry and fishing, and mining and quarrying), without financial sector",Enterprises with low digital intensity index (DII version 3),Percentage of enterprises,Sweden,2023,39.42,b,
ESTAT:ISOC_E_DII(1.0),27/02/26 11:00:00,Annual,10 persons employed or more,"All activities (except agriculture, forestry and fishing, and mining and quarrying), without financial sector",Enterprises with low digital intensity index (DII version 3),Percentage of enterprises,Sweden,2025,34.60,,
ESTAT:ISOC_E_DII(1.0),27/02/26 11:00:00,Annual,10 persons employed or more,"All activities (except agriculture, forestry and fishing, and mining and quarrying), without financial sector",Enterprises with low digital intensity index (DII version 3),Percentage of enterprises,Slovenia,2021,31.30,,
ESTAT:ISOC_E_DII(1.0),27/02/26 11:00:00,Annual,10 persons employed or more,"All activities (except agriculture, forestry and fishing, and mining and quarrying), without financial sector",Enterprises with low digital intensity index (DII version 3),Percentage of enterprises,Slovenia,2023,28.85,,
ESTAT:ISOC_E_DII(1.0),27/02/26 11:00:00,Annual,10 persons employed or more,"All activities (except agriculture, forestry and fishing, and mining and quarrying), without financial sector",Enterprises with low digital intensity index (DII version 3),Percentage of enterprises,Slovenia,2025,34.92,,
ESTAT:ISOC_E_DII(1.0),27/02/26 11:00:00,Annual,10 persons employed or more,"All activities (except agriculture, forestry and fishing, and mining and quarrying), without financial sector",Enterprises with low digital intensity index (DII version 3),Percentage of enterprises,Slovakia,2021,27.71,,
ESTAT:ISOC_E_DII(1.0),27/02/26 11:00:00,Annual,10 persons employed or more,"All activities (except agriculture, forestry and fishing, and mining and quarrying), without financial sector",Enterprises with low digital intensity index (DII version 3),Percentage of enterprises,Slovakia,2023,26.73,,
ESTAT:ISOC_E_DII(1.0),27/02/26 11:00:00,Annual,10 persons employed or more,"All activities (except agriculture, forestry and fishing, and mining and quarrying), without financial sector",Enterprises with low digital intensity index (DII version 3),Percentage of enterprises,Slovakia,2025,31.98,,
ESTAT:ISOC_E_DII(1.0),27/02/26 11:00:00,Annual,10 persons employed or more,"All activities (except agriculture, forestry and fishing, and mining and quarrying), without financial sector",Enterprises with low digital intensity index (DII version 3),Percentage of enterprises,Türkiye,2025,30.75,,
ESTAT:ISOC_E_DII(1.0),27/02/26 11:00:00,Annual,10 persons employed or more,"All activities (except agriculture, forestry and fishing, and mining and quarrying), without financial sector",Enterprises with very high digital intensity index (DII version 3),Percentage of enterprises,Austria,2021,5.97,,
ESTAT:ISOC_E_DII(1.0),27/02/26 11:00:00,Annual,10 persons employed or more,"All activities (except agriculture, forestry and fishing, and mining and quarrying), without financial sector",Enterprises with very high digital intensity index (DII version 3),Percentage of enterprises,Austria,2023,5.51,,
ESTAT:ISOC_E_DII(1.0),27/02/26 11:00:00,Annual,10 persons employed or more,"All activities (except agriculture, forestry and fishing, and mining and quarrying), without financial sector",Enterprises with very high digital intensity index (DII version 3),Percentage of enterprises,Austria,2025,10.09,,
ESTAT:ISOC_E_DII(1.0),27/02/26 11:00:00,Annual,10 persons employed or more,"All activities (except agriculture, forestry and fishing, and mining and quarrying), without financial sector",Enterprises with very high digital intensity index (DII version 3),Percentage of enterprises,Bosnia and Herzegovina,2021,1.38,,
ESTAT:ISOC_E_DII(1.0),27/02/26 11:00:00,Annual,10 persons employed or more,"All activities (except agriculture, forestry and fishing, and mining and quarrying), without financial sector",Enterprises with very high digital intensity index (DII version 3),Percentage of enterprises,Bosnia and Herzegovina,2023,1.73,,
ESTAT:ISOC_E_DII(1.0),27/02/26 11:00:00,Annual,10 persons employed or more,"All activities (except agriculture, forestry and fishing, and mining and quarrying), without financial sector",Enterprises with very high digital intensity index (DII version 3),Percentage of enterprises,Bosnia and Herzegovina,2025,3.41,,
ESTAT:ISOC_E_DII(1.0),27/02/26 11:00:00,Annual,10 persons employed or more,"All activities (except agriculture, forestry and fishing, and mining and quarrying), without financial sector",Enterprises with very high digital intensity index (DII version 3),Percentage of enterprises,Belgium,2021,2.29,,
ESTAT:ISOC_E_DII(1.0),27/02/26 11:00:00,Annual,10 persons employed or more,"All activities (except agriculture, forestry and fishing, and mining and quarrying), without financial sector",Enterprises with very high digital intensity index (DII version 3),Percentage of enterprises,Belgium,2023,9.67,,
ESTAT:ISOC_E_DII(1.0),27/02/26 11:00:00,Annual,10 persons employed or more,"All activities (except agriculture, forestry and fishing, and mining and quarrying), without financial sector",Enterprises with very high digital intensity index (DII version 3),Percentage of enterprises,Belgium,2025,20.03,,
ESTAT:ISOC_E_DII(1.0),27/02/26 11:00:00,Annual,10 persons employed or more,"All activities (except agriculture, forestry and fishing, and mining and quarrying), without financial sector",Enterprises with very high digital intensity index (DII version 3),Percentage of enterprises,Bulgaria,2021,0.84,,
ESTAT:ISOC_E_DII(1.0),27/02/26 11:00:00,Annual,10 persons employed or more,"All activities (except agriculture, forestry and fishing, and mining and quarrying), without financial sector",Enterprises with very high digital intensity index (DII version 3),Percentage of enterprises,Bulgaria,2023,1.62,,
ESTAT:ISOC_E_DII(1.0),27/02/26 11:00:00,Annual,10 persons employed or more,"All activities (except agriculture, forestry and fishing, and mining and quarrying), without financial sector",Enterprises with very high digital intensity index (DII version 3),Percentage of enterprises,Bulgaria,2025,2.04,,
ESTAT:ISOC_E_DII(1.0),27/02/26 11:00:00,Annual,10 persons employed or more,"All activities (except agriculture, forestry and fishing, and mining and quarrying), without financial sector",Enterprises with very high digital intensity index (DII version 3),Percentage of enterprises,Cyprus,2021,2.81,,
ESTAT:ISOC_E_DII(1.0),27/02/26 11:00:00,Annual,10 persons employed or more,"All activities (except agriculture, forestry and fishing, and mining and quarrying), without financial sector",Enterprises with very high digital intensity index (DII version 3),Percentage of enterprises,Cyprus,2023,4.82,,
ESTAT:ISOC_E_DII(1.0),27/02/26 11:00:00,Annual,10 persons employed or more,"All activities (except agriculture, forestry and fishing, and mining and quarrying), without financial sector",Enterprises with very high digital intensity index (DII version 3),Percentage of enterprises,Cyprus,2025,7.50,,
ESTAT:ISOC_E_DII(1.0),27/02/26 11:00:00,Annual,10 persons employed or more,"All activities (except agriculture, forestry and fishing, and mining and quarrying), without financial sector",Enterprises with very high digital intensity index (DII version 3),Percentage of enterprises,Czechia,2021,3.60,,
ESTAT:ISOC_E_DII(1.0),27/02/26 11:00:00,Annual,10 persons employed or more,"All activities (except agriculture, forestry and fishing, and mining and quarrying), without financial sector",Enterprises with very high digital intensity index (DII version 3),Percentage of enterprises,Czechia,2023,4.79,,
ESTAT:ISOC_E_DII(1.0),27/02/26 11:00:00,Annual,10 persons employed or more,"All activities (except agriculture, forestry and fishing, and mining and quarrying), without financial sector",Enterprises with very high digital intensity index (DII version 3),Percentage of enterprises,Czechia,2025,12.07,,
ESTAT:ISOC_E_DII(1.0),27/02/26 11:00:00,Annual,10 persons employed or more,"All activities (except agriculture, forestry and fishing, and mining and quarrying), without financial sector",Enterprises with very high digital intensity index (DII version 3),Percentage of enterprises,Germany,2021,4.23,,
ESTAT:ISOC_E_DII(1.0),27/02/26 11:00:00,Annual,10 persons employed or more,"All activities (except agriculture, forestry and fishing, and mining and quarrying), without financial sector",Enterprises with very high digital intensity index (DII version 3),Percentage of enterprises,Germany,2023,5.57,,
ESTAT:ISOC_E_DII(1.0),27/02/26 11:00:00,Annual,10 persons employed or more,"All activities (except agriculture, forestry and fishing, and mining and quarrying), without financial sector",Enterprises with very high digital intensity index (DII version 3),Percentage of enterprises,Germany,2025,10.45,,
ESTAT:ISOC_E_DII(1.0),27/02/26 11:00:00,Annual,10 persons employed or more,"All activities (except agriculture, forestry and fishing, and mining and quarrying), without financial sector",Enterprises with very high digital intensity index (DII version 3),Percentage of enterprises,Denmark,2021,9.97,,
ESTAT:ISOC_E_DII(1.0),27/02/26 11:00:00,Annual,10 persons employed or more,"All activities (except agriculture, forestry and fishing, and mining and quarrying), without financial sector",Enterprises with very high digital intensity index (DII version 3),Percentage of enterprises,Denmark,2023,6.57,,
ESTAT:ISOC_E_DII(1.0),27/02/26 11:00:00,Annual,10 persons employed or more,"All activities (except agriculture, forestry and fishing, and mining and quarrying), without financial sector",Enterprises with very high digital intensity index (DII version 3),Percentage of enterprises,Denmark,2025,27.15,,
ESTAT:ISOC_E_DII(1.0),27/02/26 11:00:00,Annual,10 persons employed or more,"All activities (except agriculture, forestry and fishing, and mining and quarrying), without financial sector",Enterprises with very high digital intensity index (DII version 3),Percentage of enterprises,"Euro area (EA11-1999, EA12-2001, EA13-2007, EA15-2008, EA16-2009, EA17-2011, EA18-2014, EA19-2015, EA20-2023, EA21-2026)",2021,3.11,,
ESTAT:ISOC_E_DII(1.0),27/02/26 11:00:00,Annual,10 persons employed or more,"All activities (except agriculture, forestry and fishing, and mining and quarrying), without financial sector",Enterprises with very high digital intensity index (DII version 3),Percentage of enterprises,"Euro area (EA11-1999, EA12-2001, EA13-2007, EA15-2008, EA16-2009, EA17-2011, EA18-2014, EA19-2015, EA20-2023, EA21-2026)",2023,5.27,,
ESTAT:ISOC_E_DII(1.0),27/02/26 11:00:00,Annual,10 persons employed or more,"All activities (except agriculture, forestry and fishing, and mining and quarrying), without financial sector",Enterprises with very high digital intensity index (DII version 3),Percentage of enterprises,"Euro area (EA11-1999, EA12-2001, EA13-2007, EA15-2008, EA16-2009, EA17-2011, EA18-2014, EA19-2015, EA20-2023, EA21-2026)",2025,10.42,,
ESTAT:ISOC_E_DII(1.0),27/02/26 11:00:00,Annual,10 persons employed or more,"All activities (except agriculture, forestry and fishing, and mining and quarrying), without financial sector",Enterprises with very high digital intensity index (DII version 3),Percentage of enterprises,Estonia,2021,2.32,,
ESTAT:ISOC_E_DII(1.0),27/02/26 11:00:00,Annual,10 persons employed or more,"All activities (except agriculture, forestry and fishing, and mining and quarrying), without financial sector",Enterprises with very high digital intensity index (DII version 3),Percentage of enterprises,Estonia,2023,4.29,,
ESTAT:ISOC_E_DII(1.0),27/02/26 11:00:00,Annual,10 persons employed or more,"All activities (except agriculture, forestry and fishing, and mining and quarrying), without financial sector",Enterprises with very high digital intensity index (DII version 3),Percentage of enterprises,Estonia,2025,8.49,d,
ESTAT:ISOC_E_DII(1.0),27/02/26 11:00:00,Annual,10 persons employed or more,"All activities (except agriculture, forestry and fishing, and mining and quarrying), without financial sector",Enterprises with very high digital intensity index (DII version 3),Percentage of enterprises,Greece,2021,1.43,,
ESTAT:ISOC_E_DII(1.0),27/02/26 11:00:00,Annual,10 persons employed or more,"All activities (except agriculture, forestry and fishing, and mining and quarrying), without financial sector",Enterprises with very high digital intensity index (DII version 3),Percentage of enterprises,Greece,2023,2.83,,
ESTAT:ISOC_E_DII(1.0),27/02/26 11:00:00,Annual,10 persons employed or more,"All activities (except agriculture, forestry and fishing, and mining and quarrying), without financial sector",Enterprises with very high digital intensity index (DII version 3),Percentage of enterprises,Greece,2025,6.25,,
ESTAT:ISOC_E_DII(1.0),27/02/26 11:00:00,Annual,10 persons employed or more,"All activities (except agriculture, forestry and fishing, and mining and quarrying), without financial sector",Enterprises with very high digital intensity index (DII version 3),Percentage of enterprises,Spain,2021,3.46,,
ESTAT:ISOC_E_DII(1.0),27/02/26 11:00:00,Annual,10 persons employed or more,"All activities (except agriculture, forestry and fishing, and mining and quarrying), without financial sector",Enterprises with very high digital intensity index (DII version 3),Percentage of enterprises,Spain,2023,6.82,,
ESTAT:ISOC_E_DII(1.0),27/02/26 11:00:00,Annual,10 persons employed or more,"All activities (except agriculture, forestry and fishing, and mining and quarrying), without financial sector",Enterprises with very high digital intensity index (DII version 3),Percentage of enterprises,Spain,2025,12.10,,
ESTAT:ISOC_E_DII(1.0),27/02/26 11:00:00,Annual,10 persons employed or more,"All activities (except agriculture, forestry and fishing, and mining and quarrying), without financial sector",Enterprises with very high digital intensity index (DII version 3),Percentage of enterprises,European Union - 27 countries (from 2020),2021,3.16,,
ESTAT:ISOC_E_DII(1.0),27/02/26 11:00:00,Annual,10 persons employed or more,"All activities (except agriculture, forestry and fishing, and mining and quarrying), without financial sector",Enterprises with very high digital intensity index (DII version 3),Percentage of enterprises,European Union - 27 countries (from 2020),2023,5.02,,
ESTAT:ISOC_E_DII(1.0),27/02/26 11:00:00,Annual,10 persons employed or more,"All activities (except agriculture, forestry and fishing, and mining and quarrying), without financial sector",Enterprises with very high digital intensity index (DII version 3),Percentage of enterprises,European Union - 27 countries (from 2020),2025,10.05,,
ESTAT:ISOC_E_DII(1.0),27/02/26 11:00:00,Annual,10 persons employed or more,"All activities (except agriculture, forestry and fishing, and mining and quarrying), without financial sector",Enterprises with very high digital intensity index (DII version 3),Percentage of enterprises,Finland,2021,10.49,,
ESTAT:ISOC_E_DII(1.0),27/02/26 11:00:00,Annual,10 persons employed or more,"All activities (except agriculture, forestry and fishing, and mining and quarrying), without financial sector",Enterprises with very high digital intensity index (DII version 3),Percentage of enterprises,Finland,2023,13.02,,
ESTAT:ISOC_E_DII(1.0),27/02/26 11:00:00,Annual,10 persons employed or more,"All activities (except agriculture, forestry and fishing, and mining and quarrying), without financial sector",Enterprises with very high digital intensity index (DII version 3),Percentage of enterprises,Finland,2025,25.38,,
ESTAT:ISOC_E_DII(1.0),27/02/26 11:00:00,Annual,10 persons employed or more,"All activities (except agriculture, forestry and fishing, and mining and quarrying), without financial sector",Enterprises with very high digital intensity index (DII version 3),Percentage of enterprises,France,2021,0.73,,
ESTAT:ISOC_E_DII(1.0),27/02/26 11:00:00,Annual,10 persons employed or more,"All activities (except agriculture, forestry and fishing, and mining and quarrying), without financial sector",Enterprises with very high digital intensity index (DII version 3),Percentage of enterprises,France,2023,,bu,
ESTAT:ISOC_E_DII(1.0),27/02/26 11:00:00,Annual,10 persons employed or more,"All activities (except agriculture, forestry and fishing, and mining and quarrying), without financial sector",Enterprises with very high digital intensity index (DII version 3),Percentage of enterprises,France,2025,8.16,,
ESTAT:ISOC_E_DII(1.0),27/02/26 11:00:00,Annual,10 persons employed or more,"All activities (except agriculture, forestry and fishing, and mining and quarrying), without financial sector",Enterprises with very high digital intensity index (DII version 3),Percentage of enterprises,Croatia,2021,3.79,,
ESTAT:ISOC_E_DII(1.0),27/02/26 11:00:00,Annual,10 persons employed or more,"All activities (except agriculture, forestry and fishing, and mining and quarrying), without financial sector",Enterprises with very high digital intensity index (DII version 3),Percentage of enterprises,Croatia,2023,5.08,,
ESTAT:ISOC_E_DII(1.0),27/02/26 11:00:00,Annual,10 persons employed or more,"All activities (except agriculture, forestry and fishing, and mining and quarrying), without financial sector",Enterprises with very high digital intensity index (DII version 3),Percentage of enterprises,Croatia,2025,7.39,,
ESTAT:ISOC_E_DII(1.0),27/02/26 11:00:00,Annual,10 persons employed or more,"All activities (except agriculture, forestry and fishing, and mining and quarrying), without financial sector",Enterprises with very high digital intensity index (DII version 3),Percentage of enterprises,Hungary,2021,1.58,,
ESTAT:ISOC_E_DII(1.0),27/02/26 11:00:00,Annual,10 persons employed or more,"All activities (except agriculture, forestry and fishing, and mining and quarrying), without financial sector",Enterprises with very high digital intensity index (DII version 3),Percentage of enterprises,Hungary,2023,3.95,,
ESTAT:ISOC_E_DII(1.0),27/02/26 11:00:00,Annual,10 persons employed or more,"All activities (except agriculture, forestry and fishing, and mining and quarrying), without financial sector",Enterprises with very high digital intensity index (DII version 3),Percentage of enterprises,Hungary,2025,6.18,,
ESTAT:ISOC_E_DII(1.0),27/02/26 11:00:00,Annual,10 persons employed or more,"All activities (except agriculture, forestry and fishing, and mining and quarrying), without financial sector",Enterprises with very high digital intensity index (DII version 3),Percentage of enterprises,Ireland,2021,4.77,,
ESTAT:ISOC_E_DII(1.0),27/02/26 11:00:00,Annual,10 persons employed or more,"All activities (except agriculture, forestry and fishing, and mining and quarrying), without financial sector",Enterprises with very high digital intensity index (DII version 3),Percentage of enterprises,Ireland,2023,6.93,,
ESTAT:ISOC_E_DII(1.0),27/02/26 11:00:00,Annual,10 persons employed or more,"All activities (except agriculture, forestry and fishing, and mining and quarrying), without financial sector",Enterprises with very high digital intensity index (DII version 3),Percentage of enterprises,Ireland,2025,11.82,,
ESTAT:ISOC_E_DII(1.0),27/02/26 11:00:00,Annual,10 persons employed or more,"All activities (except agriculture, forestry and fishing, and mining and quarrying), without financial sector",Enterprises with very high digital intensity index (DII version 3),Percentage of enterprises,Italy,2021,2.30,,
ESTAT:ISOC_E_DII(1.0),27/02/26 11:00:00,Annual,10 persons employed or more,"All activities (except agriculture, forestry and fishing, and mining and quarrying), without financial sector",Enterprises with very high digital intensity index (DII version 3),Percentage of enterprises,Italy,2023,3.22,,
ESTAT:ISOC_E_DII(1.0),27/02/26 11:00:00,Annual,10 persons employed or more,"All activities (except agriculture, forestry and fishing, and mining and quarrying), without financial sector",Enterprises with very high digital intensity index (DII version 3),Percentage of enterprises,Italy,2025,7.93,,
ESTAT:ISOC_E_DII(1.0),27/02/26 11:00:00,Annual,10 persons employed or more,"All activities (except agriculture, forestry and fishing, and mining and quarrying), without financial sector",Enterprises with very high digital intensity index (DII version 3),Percentage of enterprises,Lithuania,2021,3.75,,
ESTAT:ISOC_E_DII(1.0),27/02/26 11:00:00,Annual,10 persons employed or more,"All activities (except agriculture, forestry and fishing, and mining and quarrying), without financial sector",Enterprises with very high digital intensity index (DII version 3),Percentage of enterprises,Lithuania,2023,4.16,,
ESTAT:ISOC_E_DII(1.0),27/02/26 11:00:00,Annual,10 persons employed or more,"All activities (except agriculture, forestry and fishing, and mining and quarrying), without financial sector",Enterprises with very high digital intensity index (DII version 3),Percentage of enterprises,Lithuania,2025,13.98,,
ESTAT:ISOC_E_DII(1.0),27/02/26 11:00:00,Annual,10 persons employed or more,"All activities (except agriculture, forestry and fishing, and mining and quarrying), without financial sector",Enterprises with very high digital intensity index (DII version 3),Percentage of enterprises,Luxembourg,2021,2.10,,
ESTAT:ISOC_E_DII(1.0),27/02/26 11:00:00,Annual,10 persons employed or more,"All activities (except agriculture, forestry and fishing, and mining and quarrying), without financial sector",Enterprises with very high digital intensity index (DII version 3),Percentage of enterprises,Luxembourg,2023,4.07,,
ESTAT:ISOC_E_DII(1.0),27/02/26 11:00:00,Annual,10 persons employed or more,"All activities (except agriculture, forestry and fishing, and mining and quarrying), without financial sector",Enterprises with very high digital intensity index (DII version 3),Percentage of enterprises,Luxembourg,2025,9.48,,
ESTAT:ISOC_E_DII(1.0),27/02/26 11:00:00,Annual,10 persons employed or more,"All activities (except agriculture, forestry and fishing, and mining and quarrying), without financial sector",Enterprises with very high digital intensity index (DII version 3),Percentage of enterprises,Latvia,2021,1.89,,
ESTAT:ISOC_E_DII(1.0),27/02/26 11:00:00,Annual,10 persons employed or more,"All activities (except agriculture, forestry and fishing, and mining and quarrying), without financial sector",Enterprises with very high digital intensity index (DII version 3),Percentage of enterprises,Latvia,2023,4.52,,
ESTAT:ISOC_E_DII(1.0),27/02/26 11:00:00,Annual,10 persons employed or more,"All activities (except agriculture, forestry and fishing, and mining and quarrying), without financial sector",Enterprises with very high digital intensity index (DII version 3),Percentage of enterprises,Latvia,2025,7.81,,
ESTAT:ISOC_E_DII(1.0),27/02/26 11:00:00,Annual,10 persons employed or more,"All activities (except agriculture, forestry and fishing, and mining and quarrying), without financial sector",Enterprises with very high digital intensity index (DII version 3),Percentage of enterprises,Montenegro,2021,5.25,,
ESTAT:ISOC_E_DII(1.0),27/02/26 11:00:00,Annual,10 persons employed or more,"All activities (except agriculture, forestry and fishing, and mining and quarrying), without financial sector",Enterprises with very high digital intensity index (DII version 3),Percentage of enterprises,Montenegro,2023,4.76,,
ESTAT:ISOC_E_DII(1.0),27/02/26 11:00:00,Annual,10 persons employed or more,"All activities (except agriculture, forestry and fishing, and mining and quarrying), without financial sector",Enterprises with very high digital intensity index (DII version 3),Percentage of enterprises,Montenegro,2025,6.25,,
ESTAT:ISOC_E_DII(1.0),27/02/26 11:00:00,Annual,10 persons employed or more,"All activities (except agriculture, forestry and fishing, and mining and quarrying), without financial sector",Enterprises with very high digital intensity index (DII version 3),Percentage of enterprises,North Macedonia,2021,0.41,,
ESTAT:ISOC_E_DII(1.0),27/02/26 11:00:00,Annual,10 persons employed or more,"All activities (except agriculture, forestry and fishing, and mining and quarrying), without financial sector",Enterprises with very high digital intensity index (DII version 3),Percentage of enterprises,Malta,2021,9.59,,
ESTAT:ISOC_E_DII(1.0),27/02/26 11:00:00,Annual,10 persons employed or more,"All activities (except agriculture, forestry and fishing, and mining and quarrying), without financial sector",Enterprises with very high digital intensity index (DII version 3),Percentage of enterprises,Malta,2023,11.44,,
ESTAT:ISOC_E_DII(1.0),27/02/26 11:00:00,Annual,10 persons employed or more,"All activities (except agriculture, forestry and fishing, and mining and quarrying), without financial sector",Enterprises with very high digital intensity index (DII version 3),Percentage of enterprises,Malta,2025,17.00,,
ESTAT:ISOC_E_DII(1.0),27/02/26 11:00:00,Annual,10 persons employed or more,"All activities (except agriculture, forestry and fishing, and mining and quarrying), without financial sector",Enterprises with very high digital intensity index (DII version 3),Percentage of enterprises,Netherlands,2021,2.16,,
ESTAT:ISOC_E_DII(1.0),27/02/26 11:00:00,Annual,10 persons employed or more,"All activities (except agriculture, forestry and fishing, and mining and quarrying), without financial sector",Enterprises with very high digital intensity index (DII version 3),Percentage of enterprises,Netherlands,2023,11.36,,
ESTAT:ISOC_E_DII(1.0),27/02/26 11:00:00,Annual,10 persons employed or more,"All activities (except agriculture, forestry and fishing, and mining and quarrying), without financial sector",Enterprises with very high digital intensity index (DII version 3),Percentage of enterprises,Netherlands,2025,21.58,,
ESTAT:ISOC_E_DII(1.0),27/02/26 11:00:00,Annual,10 persons employed or more,"All activities (except agriculture, forestry and fishing, and mining and quarrying), without financial sector",Enterprises with very high digital intensity index (DII version 3),Percentage of enterprises,Norway,2021,6.89,,
ESTAT:ISOC_E_DII(1.0),27/02/26 11:00:00,Annual,10 persons employed or more,"All activities (except agriculture, forestry and fishing, and mining and quarrying), without financial sector",Enterprises with very high digital intensity index (DII version 3),Percentage of enterprises,Norway,2023,7.25,,
ESTAT:ISOC_E_DII(1.0),27/02/26 11:00:00,Annual,10 persons employed or more,"All activities (except agriculture, forestry and fishing, and mining and quarrying), without financial sector",Enterprises with very high digital intensity index (DII version 3),Percentage of enterprises,Norway,2025,14.14,,
ESTAT:ISOC_E_DII(1.0),27/02/26 11:00:00,Annual,10 persons employed or more,"All activities (except agriculture, forestry and fishing, and mining and quarrying), without financial sector",Enterprises with very high digital intensity index (DII version 3),Percentage of enterprises,Poland,2021,2.35,,
ESTAT:ISOC_E_DII(1.0),27/02/26 11:00:00,Annual,10 persons employed or more,"All activities (except agriculture, forestry and fishing, and mining and quarrying), without financial sector",Enterprises with very high digital intensity index (DII version 3),Percentage of enterprises,Poland,2023,3.96,,
ESTAT:ISOC_E_DII(1.0),27/02/26 11:00:00,Annual,10 persons employed or more,"All activities (except agriculture, forestry and fishing, and mining and quarrying), without financial sector",Enterprises with very high digital intensity index (DII version 3),Percentage of enterprises,Poland,2025,6.30,,
ESTAT:ISOC_E_DII(1.0),27/02/26 11:00:00,Annual,10 persons employed or more,"All activities (except agriculture, forestry and fishing, and mining and quarrying), without financial sector",Enterprises with very high digital intensity index (DII version 3),Percentage of enterprises,Portugal,2021,3.09,,
ESTAT:ISOC_E_DII(1.0),27/02/26 11:00:00,Annual,10 persons employed or more,"All activities (except agriculture, forestry and fishing, and mining and quarrying), without financial sector",Enterprises with very high digital intensity index (DII version 3),Percentage of enterprises,Portugal,2023,4.49,,
ESTAT:ISOC_E_DII(1.0),27/02/26 11:00:00,Annual,10 persons employed or more,"All activities (except agriculture, forestry and fishing, and mining and quarrying), without financial sector",Enterprises with very high digital intensity index (DII version 3),Percentage of enterprises,Portugal,2025,7.69,,
ESTAT:ISOC_E_DII(1.0),27/02/26 11:00:00,Annual,10 persons employed or more,"All activities (except agriculture, forestry and fishing, and mining and quarrying), without financial sector",Enterprises with very high digital intensity index (DII version 3),Percentage of enterprises,Romania,2021,0.62,,
ESTAT:ISOC_E_DII(1.0),27/02/26 11:00:00,Annual,10 persons employed or more,"All activities (except agriculture, forestry and fishing, and mining and quarrying), without financial sector",Enterprises with very high digital intensity index (DII version 3),Percentage of enterprises,Romania,2023,1.31,,
ESTAT:ISOC_E_DII(1.0),27/02/26 11:00:00,Annual,10 persons employed or more,"All activities (except agriculture, forestry and fishing, and mining and quarrying), without financial sector",Enterprises with very high digital intensity index (DII version 3),Percentage of enterprises,Romania,2025,2.70,,
ESTAT:ISOC_E_DII(1.0),27/02/26 11:00:00,Annual,10 persons employed or more,"All activities (except agriculture, forestry and fishing, and mining and quarrying), without financial sector",Enterprises with very high digital intensity index (DII version 3),Percentage of enterprises,Serbia,2021,0.83,,
ESTAT:ISOC_E_DII(1.0),27/02/26 11:00:00,Annual,10 persons employed or more,"All activities (except agriculture, forestry and fishing, and mining and quarrying), without financial sector",Enterprises with very high digital intensity index (DII version 3),Percentage of enterprises,Serbia,2023,3.00,,
ESTAT:ISOC_E_DII(1.0),27/02/26 11:00:00,Annual,10 persons employed or more,"All activities (except agriculture, forestry and fishing, and mining and quarrying), without financial sector",Enterprises with very high digital intensity index (DII version 3),Percentage of enterprises,Serbia,2025,3.20,,
ESTAT:ISOC_E_DII(1.0),27/02/26 11:00:00,Annual,10 persons employed or more,"All activities (except agriculture, forestry and fishing, and mining and quarrying), without financial sector",Enterprises with very high digital intensity index (DII version 3),Percentage of enterprises,Sweden,2021,9.48,,
ESTAT:ISOC_E_DII(1.0),27/02/26 11:00:00,Annual,10 persons employed or more,"All activities (except agriculture, forestry and fishing, and mining and quarrying), without financial sector",Enterprises with very high digital intensity index (DII version 3),Percentage of enterprises,Sweden,2023,7.90,b,
ESTAT:ISOC_E_DII(1.0),27/02/26 11:00:00,Annual,10 persons employed or more,"All activities (except agriculture, forestry and fishing, and mining and quarrying), without financial sector",Enterprises with very high digital intensity index (DII version 3),Percentage of enterprises,Sweden,2025,17.19,,
ESTAT:ISOC_E_DII(1.0),27/02/26 11:00:00,Annual,10 persons employed or more,"All activities (except agriculture, forestry and fishing, and mining and quarrying), without financial sector",Enterprises with very high digital intensity index (DII version 3),Percentage of enterprises,Slovenia,2021,4.73,,
ESTAT:ISOC_E_DII(1.0),27/02/26 11:00:00,Annual,10 persons employed or more,"All activities (except agriculture, forestry and fishing, and mining and quarrying), without financial sector",Enterprises with very high digital intensity index (DII version 3),Percentage of enterprises,Slovenia,2023,4.75,,
ESTAT:ISOC_E_DII(1.0),27/02/26 11:00:00,Annual,10 persons employed or more,"All activities (except agriculture, forestry and fishing, and mining and quarrying), without financial sector",Enterprises with very high digital intensity index (DII version 3),Percentage of enterprises,Slovenia,2025,8.27,,
ESTAT:ISOC_E_DII(1.0),27/02/26 11:00:00,Annual,10 persons employed or more,"All activities (except agriculture, forestry and fishing, and mining and quarrying), without financial sector",Enterprises with very high digital intensity index (DII version 3),Percentage of enterprises,Slovakia,2021,2.57,,
ESTAT:ISOC_E_DII(1.0),27/02/26 11:00:00,Annual,10 persons employed or more,"All activities (except agriculture, forestry and fishing, and mining and quarrying), without financial sector",Enterprises with very high digital intensity index (DII version 3),Percentage of enterprises,Slovakia,2023,3.17,,
ESTAT:ISOC_E_DII(1.0),27/02/26 11:00:00,Annual,10 persons employed or more,"All activities (except agriculture, forestry and fishing, and mining and quarrying), without financial sector",Enterprises with very high digital intensity index (DII version 3),Percentage of enterprises,Slovakia,2025,5.98,,
ESTAT:ISOC_E_DII(1.0),27/02/26 11:00:00,Annual,10 persons employed or more,"All activities (except agriculture, forestry and fishing, and mining and quarrying), without financial sector",Enterprises with very high digital intensity index (DII version 3),Percentage of enterprises,Türkiye,2025,2.14,,
ESTAT:ISOC_E_DII(1.0),27/02/26 11:00:00,Annual,10 persons employed or more,"All activities (except agriculture, forestry and fishing, and mining and quarrying), without financial sector",Enterprises with very low digital intensity index (DII version 3),Percentage of enterprises,Austria,2021,34.64,,
ESTAT:ISOC_E_DII(1.0),27/02/26 11:00:00,Annual,10 persons employed or more,"All activities (except agriculture, forestry and fishing, and mining and quarrying), without financial sector",Enterprises with very low digital intensity index (DII version 3),Percentage of enterprises,Austria,2023,40.99,,
ESTAT:ISOC_E_DII(1.0),27/02/26 11:00:00,Annual,10 persons employed or more,"All activities (except agriculture, forestry and fishing, and mining and quarrying), without financial sector",Enterprises with very low digital intensity index (DII version 3),Percentage of enterprises,Austria,2025,26.24,,
ESTAT:ISOC_E_DII(1.0),27/02/26 11:00:00,Annual,10 persons employed or more,"All activities (except agriculture, forestry and fishing, and mining and quarrying), without financial sector",Enterprises with very low digital intensity index (DII version 3),Percentage of enterprises,Bosnia and Herzegovina,2021,66.28,,
ESTAT:ISOC_E_DII(1.0),27/02/26 11:00:00,Annual,10 persons employed or more,"All activities (except agriculture, forestry and fishing, and mining and quarrying), without financial sector",Enterprises with very low digital intensity index (DII version 3),Percentage of enterprises,Bosnia and Herzegovina,2023,55.53,,
ESTAT:ISOC_E_DII(1.0),27/02/26 11:00:00,Annual,10 persons employed or more,"All activities (except agriculture, forestry and fishing, and mining and quarrying), without financial sector",Enterprises with very low digital intensity index (DII version 3),Percentage of enterprises,Bosnia and Herzegovina,2025,35.92,,
ESTAT:ISOC_E_DII(1.0),27/02/26 11:00:00,Annual,10 persons employed or more,"All activities (except agriculture, forestry and fishing, and mining and quarrying), without financial sector",Enterprises with very low digital intensity index (DII version 3),Percentage of enterprises,Belgium,2021,33.69,,
ESTAT:ISOC_E_DII(1.0),27/02/26 11:00:00,Annual,10 persons employed or more,"All activities (except agriculture, forestry and fishing, and mining and quarrying), without financial sector",Enterprises with very low digital intensity index (DII version 3),Percentage of enterprises,Belgium,2023,24.72,,
ESTAT:ISOC_E_DII(1.0),27/02/26 11:00:00,Annual,10 persons employed or more,"All activities (except agriculture, forestry and fishing, and mining and quarrying), without financial sector",Enterprises with very low digital intensity index (DII version 3),Percentage of enterprises,Belgium,2025,15.10,,
ESTAT:ISOC_E_DII(1.0),27/02/26 11:00:00,Annual,10 persons employed or more,"All activities (except agriculture, forestry and fishing, and mining and quarrying), without financial sector",Enterprises with very low digital intensity index (DII version 3),Percentage of enterprises,Bulgaria,2021,73.91,,
ESTAT:ISOC_E_DII(1.0),27/02/26 11:00:00,Annual,10 persons employed or more,"All activities (except agriculture, forestry and fishing, and mining and quarrying), without financial sector",Enterprises with very low digital intensity index (DII version 3),Percentage of enterprises,Bulgaria,2023,70.64,,
ESTAT:ISOC_E_DII(1.0),27/02/26 11:00:00,Annual,10 persons employed or more,"All activities (except agriculture, forestry and fishing, and mining and quarrying), without financial sector",Enterprises with very low digital intensity index (DII version 3),Percentage of enterprises,Bulgaria,2025,60.65,,
ESTAT:ISOC_E_DII(1.0),27/02/26 11:00:00,Annual,10 persons employed or more,"All activities (except agriculture, forestry and fishing, and mining and quarrying), without financial sector",Enterprises with very low digital intensity index (DII version 3),Percentage of enterprises,Cyprus,2021,33.15,,
ESTAT:ISOC_E_DII(1.0),27/02/26 11:00:00,Annual,10 persons employed or more,"All activities (except agriculture, forestry and fishing, and mining and quarrying), without financial sector",Enterprises with very low digital intensity index (DII version 3),Percentage of enterprises,Cyprus,2023,32.13,,
ESTAT:ISOC_E_DII(1.0),27/02/26 11:00:00,Annual,10 persons employed or more,"All activities (except agriculture, forestry and fishing, and mining and quarrying), without financial sector",Enterprises with very low digital intensity index (DII version 3),Percentage of enterprises,Cyprus,2025,25.15,,
ESTAT:ISOC_E_DII(1.0),27/02/26 11:00:00,Annual,10 persons employed or more,"All activities (except agriculture, forestry and fishing, and mining and quarrying), without financial sector",Enterprises with very low digital intensity index (DII version 3),Percentage of enterprises,Czechia,2021,45.97,,
ESTAT:ISOC_E_DII(1.0),27/02/26 11:00:00,Annual,10 persons employed or more,"All activities (except agriculture, forestry and fishing, and mining and quarrying), without financial sector",Enterprises with very low digital intensity index (DII version 3),Percentage of enterprises,Czechia,2023,49.08,,
ESTAT:ISOC_E_DII(1.0),27/02/26 11:00:00,Annual,10 persons employed or more,"All activities (except agriculture, forestry and fishing, and mining and quarrying), without financial sector",Enterprises with very low digital intensity index (DII version 3),Percentage of enterprises,Czechia,2025,28.49,,
ESTAT:ISOC_E_DII(1.0),27/02/26 11:00:00,Annual,10 persons employed or more,"All activities (except agriculture, forestry and fishing, and mining and quarrying), without financial sector",Enterprises with very low digital intensity index (DII version 3),Percentage of enterprises,Germany,2021,40.14,,
ESTAT:ISOC_E_DII(1.0),27/02/26 11:00:00,Annual,10 persons employed or more,"All activities (except agriculture, forestry and fishing, and mining and quarrying), without financial sector",Enterprises with very low digital intensity index (DII version 3),Percentage of enterprises,Germany,2023,37.60,,
ESTAT:ISOC_E_DII(1.0),27/02/26 11:00:00,Annual,10 persons employed or more,"All activities (except agriculture, forestry and fishing, and mining and quarrying), without financial sector",Enterprises with very low digital intensity index (DII version 3),Percentage of enterprises,Germany,2025,25.65,,
ESTAT:ISOC_E_DII(1.0),27/02/26 11:00:00,Annual,10 persons employed or more,"All activities (except agriculture, forestry and fishing, and mining and quarrying), without financial sector",Enterprises with very low digital intensity index (DII version 3),Percentage of enterprises,Denmark,2021,20.08,,
ESTAT:ISOC_E_DII(1.0),27/02/26 11:00:00,Annual,10 persons employed or more,"All activities (except agriculture, forestry and fishing, and mining and quarrying), without financial sector",Enterprises with very low digital intensity index (DII version 3),Percentage of enterprises,Denmark,2023,24.05,,
ESTAT:ISOC_E_DII(1.0),27/02/26 11:00:00,Annual,10 persons employed or more,"All activities (except agriculture, forestry and fishing, and mining and quarrying), without financial sector",Enterprises with very low digital intensity index (DII version 3),Percentage of enterprises,Denmark,2025,7.32,,
ESTAT:ISOC_E_DII(1.0),27/02/26 11:00:00,Annual,10 persons employed or more,"All activities (except agriculture, forestry and fishing, and mining and quarrying), without financial sector",Enterprises with very low digital intensity index (DII version 3),Percentage of enterprises,"Euro area (EA11-1999, EA12-2001, EA13-2007, EA15-2008, EA16-2009, EA17-2011, EA18-2014, EA19-2015, EA20-2023, EA21-2026)",2021,41.61,,
ESTAT:ISOC_E_DII(1.0),27/02/26 11:00:00,Annual,10 persons employed or more,"All activities (except agriculture, forestry and fishing, and mining and quarrying), without financial sector",Enterprises with very low digital intensity index (DII version 3),Percentage of enterprises,"Euro area (EA11-1999, EA12-2001, EA13-2007, EA15-2008, EA16-2009, EA17-2011, EA18-2014, EA19-2015, EA20-2023, EA21-2026)",2023,39.07,,
ESTAT:ISOC_E_DII(1.0),27/02/26 11:00:00,Annual,10 persons employed or more,"All activities (except agriculture, forestry and fishing, and mining and quarrying), without financial sector",Enterprises with very low digital intensity index (DII version 3),Percentage of enterprises,"Euro area (EA11-1999, EA12-2001, EA13-2007, EA15-2008, EA16-2009, EA17-2011, EA18-2014, EA19-2015, EA20-2023, EA21-2026)",2025,25.45,,
ESTAT:ISOC_E_DII(1.0),27/02/26 11:00:00,Annual,10 persons employed or more,"All activities (except agriculture, forestry and fishing, and mining and quarrying), without financial sector",Enterprises with very low digital intensity index (DII version 3),Percentage of enterprises,Estonia,2021,45.21,,
ESTAT:ISOC_E_DII(1.0),27/02/26 11:00:00,Annual,10 persons employed or more,"All activities (except agriculture, forestry and fishing, and mining and quarrying), without financial sector",Enterprises with very low digital intensity index (DII version 3),Percentage of enterprises,Estonia,2023,43.12,,
ESTAT:ISOC_E_DII(1.0),27/02/26 11:00:00,Annual,10 persons employed or more,"All activities (except agriculture, forestry and fishing, and mining and quarrying), without financial sector",Enterprises with very low digital intensity index (DII version 3),Percentage of enterprises,Estonia,2025,27.23,d,
ESTAT:ISOC_E_DII(1.0),27/02/26 11:00:00,Annual,10 persons employed or more,"All activities (except agriculture, forestry and fishing, and mining and quarrying), without financial sector",Enterprises with very low digital intensity index (DII version 3),Percentage of enterprises,Greece,2021,61.79,,
ESTAT:ISOC_E_DII(1.0),27/02/26 11:00:00,Annual,10 persons employed or more,"All activities (except agriculture, forestry and fishing, and mining and quarrying), without financial sector",Enterprises with very low digital intensity index (DII version 3),Percentage of enterprises,Greece,2023,56.18,,
ESTAT:ISOC_E_DII(1.0),27/02/26 11:00:00,Annual,10 persons employed or more,"All activities (except agriculture, forestry and fishing, and mining and quarrying), without financial sector",Enterprises with very low digital intensity index (DII version 3),Percentage of enterprises,Greece,2025,43.52,,
ESTAT:ISOC_E_DII(1.0),27/02/26 11:00:00,Annual,10 persons employed or more,"All activities (except agriculture, forestry and fishing, and mining and quarrying), without financial sector",Enterprises with very low digital intensity index (DII version 3),Percentage of enterprises,Spain,2021,39.56,,
ESTAT:ISOC_E_DII(1.0),27/02/26 11:00:00,Annual,10 persons employed or more,"All activities (except agriculture, forestry and fishing, and mining and quarrying), without financial sector",Enterprises with very low digital intensity index (DII version 3),Percentage of enterprises,Spain,2023,38.53,,
ESTAT:ISOC_E_DII(1.0),27/02/26 11:00:00,Annual,10 persons employed or more,"All activities (except agriculture, forestry and fishing, and mining and quarrying), without financial sector",Enterprises with very low digital intensity index (DII version 3),Percentage of enterprises,Spain,2025,24.04,,
ESTAT:ISOC_E_DII(1.0),27/02/26 11:00:00,Annual,10 persons employed or more,"All activities (except agriculture, forestry and fishing, and mining and quarrying), without financial sector",Enterprises with very low digital intensity index (DII version 3),Percentage of enterprises,European Union - 27 countries (from 2020),2021,44.24,,
ESTAT:ISOC_E_DII(1.0),27/02/26 11:00:00,Annual,10 persons employed or more,"All activities (except agriculture, forestry and fishing, and mining and quarrying), without financial sector",Enterprises with very low digital intensity index (DII version 3),Percentage of enterprises,European Union - 27 countries (from 2020),2023,41.13,,
ESTAT:ISOC_E_DII(1.0),27/02/26 11:00:00,Annual,10 persons employed or more,"All activities (except agriculture, forestry and fishing, and mining and quarrying), without financial sector",Enterprises with very low digital intensity index (DII version 3),Percentage of enterprises,European Union - 27 countries (from 2020),2025,27.89,,
ESTAT:ISOC_E_DII(1.0),27/02/26 11:00:00,Annual,10 persons employed or more,"All activities (except agriculture, forestry and fishing, and mining and quarrying), without financial sector",Enterprises with very low digital intensity index (DII version 3),Percentage of enterprises,Finland,2021,17.79,,
ESTAT:ISOC_E_DII(1.0),27/02/26 11:00:00,Annual,10 persons employed or more,"All activities (except agriculture, forestry and fishing, and mining and quarrying), without financial sector",Enterprises with very low digital intensity index (DII version 3),Percentage of enterprises,Finland,2023,13.96,,
ESTAT:ISOC_E_DII(1.0),27/02/26 11:00:00,Annual,10 persons employed or more,"All activities (except agriculture, forestry and fishing, and mining and quarrying), without financial sector",Enterprises with very low digital intensity index (DII version 3),Percentage of enterprises,Finland,2025,5.76,,
ESTAT:ISOC_E_DII(1.0),27/02/26 11:00:00,Annual,10 persons employed or more,"All activities (except agriculture, forestry and fishing, and mining and quarrying), without financial sector",Enterprises with very low digital intensity index (DII version 3),Percentage of enterprises,France,2021,51.92,,
ESTAT:ISOC_E_DII(1.0),27/02/26 11:00:00,Annual,10 persons employed or more,"All activities (except agriculture, forestry and fishing, and mining and quarrying), without financial sector",Enterprises with very low digital intensity index (DII version 3),Percentage of enterprises,France,2023,46.94,b,
ESTAT:ISOC_E_DII(1.0),27/02/26 11:00:00,Annual,10 persons employed or more,"All activities (except agriculture, forestry and fishing, and mining and quarrying), without financial sector",Enterprises with very low digital intensity index (DII version 3),Percentage of enterprises,France,2025,29.77,,
ESTAT:ISOC_E_DII(1.0),27/02/26 11:00:00,Annual,10 persons employed or more,"All activities (except agriculture, forestry and fishing, and mining and quarrying), without financial sector",Enterprises with very low digital intensity index (DII version 3),Percentage of enterprises,Croatia,2021,49.35,,
ESTAT:ISOC_E_DII(1.0),27/02/26 11:00:00,Annual,10 persons employed or more,"All activities (except agriculture, forestry and fishing, and mining and quarrying), without financial sector",Enterprises with very low digital intensity index (DII version 3),Percentage of enterprises,Croatia,2023,43.04,,
ESTAT:ISOC_E_DII(1.0),27/02/26 11:00:00,Annual,10 persons employed or more,"All activities (except agriculture, forestry and fishing, and mining and quarrying), without financial sector",Enterprises with very low digital intensity index (DII version 3),Percentage of enterprises,Croatia,2025,41.87,,
ESTAT:ISOC_E_DII(1.0),27/02/26 11:00:00,Annual,10 persons employed or more,"All activities (except agriculture, forestry and fishing, and mining and quarrying), without financial sector",Enterprises with very low digital intensity index (DII version 3),Percentage of enterprises,Hungary,2021,64.19,,
ESTAT:ISOC_E_DII(1.0),27/02/26 11:00:00,Annual,10 persons employed or more,"All activities (except agriculture, forestry and fishing, and mining and quarrying), without financial sector",Enterprises with very low digital intensity index (DII version 3),Percentage of enterprises,Hungary,2023,45.79,,
ESTAT:ISOC_E_DII(1.0),27/02/26 11:00:00,Annual,10 persons employed or more,"All activities (except agriculture, forestry and fishing, and mining and quarrying), without financial sector",Enterprises with very low digital intensity index (DII version 3),Percentage of enterprises,Hungary,2025,39.20,,
ESTAT:ISOC_E_DII(1.0),27/02/26 11:00:00,Annual,10 persons employed or more,"All activities (except agriculture, forestry and fishing, and mining and quarrying), without financial sector",Enterprises with very low digital intensity index (DII version 3),Percentage of enterprises,Ireland,2021,34.92,,
ESTAT:ISOC_E_DII(1.0),27/02/26 11:00:00,Annual,10 persons employed or more,"All activities (except agriculture, forestry and fishing, and mining and quarrying), without financial sector",Enterprises with very low digital intensity index (DII version 3),Percentage of enterprises,Ireland,2023,33.08,,
ESTAT:ISOC_E_DII(1.0),27/02/26 11:00:00,Annual,10 persons employed or more,"All activities (except agriculture, forestry and fishing, and mining and quarrying), without financial sector",Enterprises with very low digital intensity index (DII version 3),Percentage of enterprises,Ireland,2025,20.08,,
ESTAT:ISOC_E_DII(1.0),27/02/26 11:00:00,Annual,10 persons employed or more,"All activities (except agriculture, forestry and fishing, and mining and quarrying), without financial sector",Enterprises with very low digital intensity index (DII version 3),Percentage of enterprises,Italy,2021,39.19,,
ESTAT:ISOC_E_DII(1.0),27/02/26 11:00:00,Annual,10 persons employed or more,"All activities (except agriculture, forestry and fishing, and mining and quarrying), without financial sector",Enterprises with very low digital intensity index (DII version 3),Percentage of enterprises,Italy,2023,38.73,,
ESTAT:ISOC_E_DII(1.0),27/02/26 11:00:00,Annual,10 persons employed or more,"All activities (except agriculture, forestry and fishing, and mining and quarrying), without financial sector",Enterprises with very low digital intensity index (DII version 3),Percentage of enterprises,Italy,2025,20.19,,
ESTAT:ISOC_E_DII(1.0),27/02/26 11:00:00,Annual,10 persons employed or more,"All activities (except agriculture, forestry and fishing, and mining and quarrying), without financial sector",Enterprises with very low digital intensity index (DII version 3),Percentage of enterprises,Lithuania,2021,42.21,,
ESTAT:ISOC_E_DII(1.0),27/02/26 11:00:00,Annual,10 persons employed or more,"All activities (except agriculture, forestry and fishing, and mining and quarrying), without financial sector",Enterprises with very low digital intensity index (DII version 3),Percentage of enterprises,Lithuania,2023,39.08,,
ESTAT:ISOC_E_DII(1.0),27/02/26 11:00:00,Annual,10 persons employed or more,"All activities (except agriculture, forestry and fishing, and mining and quarrying), without financial sector",Enterprises with very low digital intensity index (DII version 3),Percentage of enterprises,Lithuania,2025,25.66,,
ESTAT:ISOC_E_DII(1.0),27/02/26 11:00:00,Annual,10 persons employed or more,"All activities (except agriculture, forestry and fishing, and mining and quarrying), without financial sector",Enterprises with very low digital intensity index (DII version 3),Percentage of enterprises,Luxembourg,2021,44.94,,
ESTAT:ISOC_E_DII(1.0),27/02/26 11:00:00,Annual,10 persons employed or more,"All activities (except agriculture, forestry and fishing, and mining and quarrying), without financial sector",Enterprises with very low digital intensity index (DII version 3),Percentage of enterprises,Luxembourg,2023,40.97,,
ESTAT:ISOC_E_DII(1.0),27/02/26 11:00:00,Annual,10 persons employed or more,"All activities (except agriculture, forestry and fishing, and mining and quarrying), without financial sector",Enterprises with very low digital intensity index (DII version 3),Percentage of enterprises,Luxembourg,2025,22.68,,
ESTAT:ISOC_E_DII(1.0),27/02/26 11:00:00,Annual,10 persons employed or more,"All activities (except agriculture, forestry and fishing, and mining and quarrying), without financial sector",Enterprises with very low digital intensity index (DII version 3),Percentage of enterprises,Latvia,2021,60.74,,
ESTAT:ISOC_E_DII(1.0),27/02/26 11:00:00,Annual,10 persons employed or more,"All activities (except agriculture, forestry and fishing, and mining and quarrying), without financial sector",Enterprises with very low digital intensity index (DII version 3),Percentage of enterprises,Latvia,2023,50.79,,
ESTAT:ISOC_E_DII(1.0),27/02/26 11:00:00,Annual,10 persons employed or more,"All activities (except agriculture, forestry and fishing, and mining and quarrying), without financial sector",Enterprises with very low digital intensity index (DII version 3),Percentage of enterprises,Latvia,2025,40.48,,
ESTAT:ISOC_E_DII(1.0),27/02/26 11:00:00,Annual,10 persons employed or more,"All activities (except agriculture, forestry and fishing, and mining and quarrying), without financial sector",Enterprises with very low digital intensity index (DII version 3),Percentage of enterprises,Montenegro,2021,51.30,,
ESTAT:ISOC_E_DII(1.0),27/02/26 11:00:00,Annual,10 persons employed or more,"All activities (except agriculture, forestry and fishing, and mining and quarrying), without financial sector",Enterprises with very low digital intensity index (DII version 3),Percentage of enterprises,Montenegro,2023,35.48,,
ESTAT:ISOC_E_DII(1.0),27/02/26 11:00:00,Annual,10 persons employed or more,"All activities (except agriculture, forestry and fishing, and mining and quarrying), without financial sector",Enterprises with very low digital intensity index (DII version 3),Percentage of enterprises,Montenegro,2025,18.16,,
ESTAT:ISOC_E_DII(1.0),27/02/26 11:00:00,Annual,10 persons employed or more,"All activities (except agriculture, forestry and fishing, and mining and quarrying), without financial sector",Enterprises with very low digital intensity index (DII version 3),Percentage of enterprises,North Macedonia,2021,72.19,,
ESTAT:ISOC_E_DII(1.0),27/02/26 11:00:00,Annual,10 persons employed or more,"All activities (except agriculture, forestry and fishing, and mining and quarrying), without financial sector",Enterprises with very low digital intensity index (DII version 3),Percentage of enterprises,Malta,2021,26.87,,
ESTAT:ISOC_E_DII(1.0),27/02/26 11:00:00,Annual,10 persons employed or more,"All activities (except agriculture, forestry and fishing, and mining and quarrying), without financial sector",Enterprises with very low digital intensity index (DII version 3),Percentage of enterprises,Malta,2023,23.09,,
ESTAT:ISOC_E_DII(1.0),27/02/26 11:00:00,Annual,10 persons employed or more,"All activities (except agriculture, forestry and fishing, and mining and quarrying), without financial sector",Enterprises with very low digital intensity index (DII version 3),Percentage of enterprises,Malta,2025,16.07,,
ESTAT:ISOC_E_DII(1.0),27/02/26 11:00:00,Annual,10 persons employed or more,"All activities (except agriculture, forestry and fishing, and mining and quarrying), without financial sector",Enterprises with very low digital intensity index (DII version 3),Percentage of enterprises,Netherlands,2021,23.97,,
ESTAT:ISOC_E_DII(1.0),27/02/26 11:00:00,Annual,10 persons employed or more,"All activities (except agriculture, forestry and fishing, and mining and quarrying), without financial sector",Enterprises with very low digital intensity index (DII version 3),Percentage of enterprises,Netherlands,2023,16.76,,
ESTAT:ISOC_E_DII(1.0),27/02/26 11:00:00,Annual,10 persons employed or more,"All activities (except agriculture, forestry and fishing, and mining and quarrying), without financial sector",Enterprises with very low digital intensity index (DII version 3),Percentage of enterprises,Netherlands,2025,10.90,,
ESTAT:ISOC_E_DII(1.0),27/02/26 11:00:00,Annual,10 persons employed or more,"All activities (except agriculture, forestry and fishing, and mining and quarrying), without financial sector",Enterprises with very low digital intensity index (DII version 3),Percentage of enterprises,Norway,2021,22.39,,
ESTAT:ISOC_E_DII(1.0),27/02/26 11:00:00,Annual,10 persons employed or more,"All activities (except agriculture, forestry and fishing, and mining and quarrying), without financial sector",Enterprises with very low digital intensity index (DII version 3),Percentage of enterprises,Norway,2023,19.21,,
ESTAT:ISOC_E_DII(1.0),27/02/26 11:00:00,Annual,10 persons employed or more,"All activities (except agriculture, forestry and fishing, and mining and quarrying), without financial sector",Enterprises with very low digital intensity index (DII version 3),Percentage of enterprises,Norway,2025,16.35,,
ESTAT:ISOC_E_DII(1.0),27/02/26 11:00:00,Annual,10 persons employed or more,"All activities (except agriculture, forestry and fishing, and mining and quarrying), without financial sector",Enterprises with very low digital intensity index (DII version 3),Percentage of enterprises,Poland,2021,58.47,,
ESTAT:ISOC_E_DII(1.0),27/02/26 11:00:00,Annual,10 persons employed or more,"All activities (except agriculture, forestry and fishing, and mining and quarrying), without financial sector",Enterprises with very low digital intensity index (DII version 3),Percentage of enterprises,Poland,2023,48.40,,
ESTAT:ISOC_E_DII(1.0),27/02/26 11:00:00,Annual,10 persons employed or more,"All activities (except agriculture, forestry and fishing, and mining and quarrying), without financial sector",Enterprises with very low digital intensity index (DII version 3),Percentage of enterprises,Poland,2025,39.77,,
ESTAT:ISOC_E_DII(1.0),27/02/26 11:00:00,Annual,10 persons employed or more,"All activities (except agriculture, forestry and fishing, and mining and quarrying), without financial sector",Enterprises with very low digital intensity index (DII version 3),Percentage of enterprises,Portugal,2021,50.35,,
ESTAT:ISOC_E_DII(1.0),27/02/26 11:00:00,Annual,10 persons employed or more,"All activities (except agriculture, forestry and fishing, and mining and quarrying), without financial sector",Enterprises with very low digital intensity index (DII version 3),Percentage of enterprises,Portugal,2023,45.55,,
ESTAT:ISOC_E_DII(1.0),27/02/26 11:00:00,Annual,10 persons employed or more,"All activities (except agriculture, forestry and fishing, and mining and quarrying), without financial sector",Enterprises with very low digital intensity index (DII version 3),Percentage of enterprises,Portugal,2025,35.33,,
ESTAT:ISOC_E_DII(1.0),27/02/26 11:00:00,Annual,10 persons employed or more,"All activities (except agriculture, forestry and fishing, and mining and quarrying), without financial sector",Enterprises with very low digital intensity index (DII version 3),Percentage of enterprises,Romania,2021,76.53,,
ESTAT:ISOC_E_DII(1.0),27/02/26 11:00:00,Annual,10 persons employed or more,"All activities (except agriculture, forestry and fishing, and mining and quarrying), without financial sector",Enterprises with very low digital intensity index (DII version 3),Percentage of enterprises,Romania,2023,72.07,,
ESTAT:ISOC_E_DII(1.0),27/02/26 11:00:00,Annual,10 persons employed or more,"All activities (except agriculture, forestry and fishing, and mining and quarrying), without financial sector",Enterprises with very low digital intensity index (DII version 3),Percentage of enterprises,Romania,2025,54.47,,
ESTAT:ISOC_E_DII(1.0),27/02/26 11:00:00,Annual,10 persons employed or more,"All activities (except agriculture, forestry and fishing, and mining and quarrying), without financial sector",Enterprises with very low digital intensity index (DII version 3),Percentage of enterprises,Serbia,2021,57.22,,
ESTAT:ISOC_E_DII(1.0),27/02/26 11:00:00,Annual,10 persons employed or more,"All activities (except agriculture, forestry and fishing, and mining and quarrying), without financial sector",Enterprises with very low digital intensity index (DII version 3),Percentage of enterprises,Serbia,2023,49.70,,
ESTAT:ISOC_E_DII(1.0),27/02/26 11:00:00,Annual,10 persons employed or more,"All activities (except agriculture, forestry and fishing, and mining and quarrying), without financial sector",Enterprises with very low digital intensity index (DII version 3),Percentage of enterprises,Serbia,2025,48.60,,
ESTAT:ISOC_E_DII(1.0),27/02/26 11:00:00,Annual,10 persons employed or more,"All activities (except agriculture, forestry and fishing, and mining and quarrying), without financial sector",Enterprises with very low digital intensity index (DII version 3),Percentage of enterprises,Sweden,2021,13.62,,
ESTAT:ISOC_E_DII(1.0),27/02/26 11:00:00,Annual,10 persons employed or more,"All activities (except agriculture, forestry and fishing, and mining and quarrying), without financial sector",Enterprises with very low digital intensity index (DII version 3),Percentage of enterprises,Sweden,2023,19.48,b,
ESTAT:ISOC_E_DII(1.0),27/02/26 11:00:00,Annual,10 persons employed or more,"All activities (except agriculture, forestry and fishing, and mining and quarrying), without financial sector",Enterprises with very low digital intensity index (DII version 3),Percentage of enterprises,Sweden,2025,13.07,,
ESTAT:ISOC_E_DII(1.0),27/02/26 11:00:00,Annual,10 persons employed or more,"All activities (except agriculture, forestry and fishing, and mining and quarrying), without financial sector",Enterprises with very low digital intensity index (DII version 3),Percentage of enterprises,Slovenia,2021,43.66,,
ESTAT:ISOC_E_DII(1.0),27/02/26 11:00:00,Annual,10 persons employed or more,"All activities (except agriculture, forestry and fishing, and mining and quarrying), without financial sector",Enterprises with very low digital intensity index (DII version 3),Percentage of enterprises,Slovenia,2023,48.38,,
ESTAT:ISOC_E_DII(1.0),27/02/26 11:00:00,Annual,10 persons employed or more,"All activities (except agriculture, forestry and fishing, and mining and quarrying), without financial sector",Enterprises with very low digital intensity index (DII version 3),Percentage of enterprises,Slovenia,2025,33.42,,
ESTAT:ISOC_E_DII(1.0),27/02/26 11:00:00,Annual,10 persons employed or more,"All activities (except agriculture, forestry and fishing, and mining and quarrying), without financial sector",Enterprises with very low digital intensity index (DII version 3),Percentage of enterprises,Slovakia,2021,55.74,,
ESTAT:ISOC_E_DII(1.0),27/02/26 11:00:00,Annual,10 persons employed or more,"All activities (except agriculture, forestry and fishing, and mining and quarrying), without financial sector",Enterprises with very low digital intensity index (DII version 3),Percentage of enterprises,Slovakia,2023,56.12,,
ESTAT:ISOC_E_DII(1.0),27/02/26 11:00:00,Annual,10 persons employed or more,"All activities (except agriculture, forestry and fishing, and mining and quarrying), without financial sector",Enterprises with very low digital intensity index (DII version 3),Percentage of enterprises,Slovakia,2025,41.61,,
ESTAT:ISOC_E_DII(1.0),27/02/26 11:00:00,Annual,10 persons employed or more,"All activities (except agriculture, forestry and fishing, and mining and quarrying), without financial sector",Enterprises with very low digital intensity index (DII version 3),Percentage of enterprises,Türkiye,2025,56.17,,
